temperature,humidity,PM2.5,PM10,NO2,SO2,CO,AQI
0.3706662703422281,-0.013375228855512416,-0.28841125404717183,-0.6636204183012392,1.70445381433384,-1.762407592244011,2.232953490949348,92
-1.1853388887064307,1.073104899715304,-0.6859494230316779,0.025804223854733722,-1.107408128220523,0.5280860294449571,-0.9003471022545434,70
-1.4170843379264435,0.4804793750403133,-0.7886248441601266,-1.0895390073254818,-1.1834043969382086,0.8552994039719525,0.3375000456778581,54
0.6189649659350992,-1.2973971989846593,-0.26471692609445296,-0.5608696302876086,2.266826202844712,-0.9116528184738228,1.5366644702373722,94
-1.516403816163592,0.8755630581569739,-0.7438688913605463,-0.04214387789621566,-0.925017083298078,1.4442834781205445,-0.590885315271443,63
0.23824029935936344,-0.11214614963467756,-0.40688289381076637,-0.6917940214662669,-0.940216337041615,-0.7807674686630246,-0.8229816555087682,80
-1.1687856423335723,0.8755630581569739,0.49613427149840994,0.1898740305216598,-0.5146372322225765,0.8552994039719525,-0.2427408049154552,153
-0.7715077293849789,0.7767921373778087,-0.7859921410542688,-0.5907005042270497,-1.1682051431946714,0.5935287043503559,-0.5135198685256678,54
0.5361987340708088,-0.9023135158679987,1.328068452949429,1.0698848117351734,1.2332769482841897,0.5280860294449571,1.6140299169831474,172
0.28790003847793777,-0.9023135158679987,-0.43320992486934295,-0.5509260056411281,1.3852694857195607,-0.257226069419832,0.7243272794067335,81
-0.19214410633494655,0.3817084542611482,0.09596339940804606,0.8096933001522698,-0.605832754683799,0.5935287043503559,-0.7069334853901055,125
1.3307545599679962,-0.9023135158679987,-0.39371937828147807,0.19816038439372677,-1.046611113246375,-1.5006368926224147,-1.171126165864756,83
-0.6721882511478303,1.2706467412736344,-0.8202172814304184,-0.49955061163431286,-0.8186223070933184,0.13542998001256223,-0.6295680386443305,52
-1.0032531786049916,0.974333978936139,-0.2304917857183033,-0.12335014584247192,-0.25624991858244567,0.789856729066553,-0.5522025918985554,96
0.35411302396936983,-0.5072298327513381,-0.8860348590768597,-1.152515296753191,-1.092208874476986,0.3972006796341588,-1.0550779957460936,37
-1.01980642497785,1.3694176620527996,-0.8096864690069877,-0.386856198974202,-0.5146372322225765,0.5280860294449571,-0.3587889750341175,56
0.15547406749507311,-0.013375228855512416,-0.1594088018601467,-0.058716585640349615,1.9628411279739704,-0.7153247937576257,1.7687608104746977,102
-1.2184453814521468,1.2706467412736344,0.0011860875971703834,-0.4001143651695091,-0.2258514110953716,0.9861847537827502,-0.16537535816968002,117
0.18858056024078915,-0.11214614963467756,-0.4595369559279195,-0.5757850672573291,-0.6666297696579475,-0.12634071960903376,-1.519270676220744,498
-0.7218479902664047,0.974333978936139,0.8199567535189016,1.157720162779083,-1.244201411912357,1.640611502836741,0.37618276905074566,161
1.1155623571208406,-0.7047716743096685,-0.309472878894033,-0.3553680542603474,1.886844859256285,-0.32266874432523146,2.697146171423999,87
-1.549510308909308,2.0608141075069555,-0.7201745634078275,-0.9818164069886112,-0.7730245458627071,0.9207420788773514,-0.9003471022545434,60
0.10581432837649879,0.5792502958194785,1.851976371015103,1.0533121039910394,1.9020441129998222,-1.1734235180954193,2.0782225974577977,181
1.3969675454594284,-1.7912518028804851,-0.5622123770563681,-0.8658074527796734,0.5341112760814835,-0.6498821188522269,1.0337890663898341,71
1.2314350817308475,-1.4949390405429897,-0.6069683298559482,-0.7398548739242553,-0.37784394853074255,-0.5844394439468275,0.41486549242363324,69
-1.119125903214998,2.0608141075069555,-0.7701959224191229,-0.9470137207259298,-0.3626446947872055,2.0332675522691352,-0.5522025918985554,55
0.15547406749507311,0.18416661270281787,1.4544382020305966,1.3648790095807575,1.1876791870535783,0.4626433545395576,1.2272026832542715,172
0.27134679210507945,0.18416661270281787,-0.6253972515969518,-0.3851989281997887,0.12373142500598146,-0.12634071960903376,0.14408642881342063,66
-1.4667440770450177,0.6780212165986436,-0.019875537249690794,0.41692012661629513,-0.39304320227427963,1.575168827931342,-0.590885315271443,115
0.1223675747493571,-0.5072298327513381,0.0591055559260389,0.6075062656738357,-0.6514305159144101,-1.762407592244011,-0.7069334853901055,127
0.6520714586808152,-1.0010844366471638,-0.6043356267500906,0.022489682305906884,0.4277164998767234,-0.3881114192306303,-1.016395272373206,70
1.3638610527137116,-0.21091707041384272,-0.49639479940992665,-0.7133385415336411,-1.061810366989912,-0.5189967690414286,-0.9390298256274308,74
-2.0792141928407664,1.7645013451694602,-0.76229781310155,-1.1541725675276042,-0.940216337041615,2.229595576985333,-1.016395272373206,55
-0.026611642606365876,-1.0010844366471638,-0.6096010329618059,-0.7613993939916295,0.7469008284910027,-0.7807674686630246,0.530913662542296,67
-1.1025726568421403,0.7767921373778087,-0.18836853602458076,-0.2145000384352087,-0.9098178295545409,0.3972006796341588,-0.08800991142390487,101
-0.7218479902664047,0.4804793750403133,0.5145631932394134,0.26942302769350274,-0.08905812740353768,-0.1917833945144332,-0.7842989321358806,154
0.7844974296636793,-0.6060007535305033,1.0226748926699412,0.9969648976609837,-0.40824245601781667,-0.257226069419832,-0.7069334853901055,162
0.5527519804436665,-0.3096879911930079,0.16178097705448746,-0.2128427676607954,0.10853217126244469,-0.6498821188522269,-0.9003471022545434,135
-0.8708272076221271,0.7767921373778087,0.3671318193113846,0.9174159004891406,-1.0162126057593006,0.20087265491796166,-0.7842989321358806,152
0.42032600946080245,-1.4949390405429897,-0.26734962920031047,0.5080700192090318,1.8716456055127475,-1.4351942177170156,1.8848089805933597,92
-1.6819362798921726,2.5546687114027815,-0.738603485148831,-0.2559318077955436,-0.5146372322225765,0.7244140541611542,-0.8229816555087682,61
-1.1356791495878564,0.08539569192365273,-0.8175845783245608,-1.1011399027463757,-0.6970282771450216,0.5280860294449571,-0.9003471022545434,51
-0.9535934394864174,0.3817084542611482,-0.7017456416668238,-0.23107274617934268,-0.40824245601781667,0.6589713792557548,-0.7456162087629931,62
-1.01980642497785,1.2706467412736344,-0.061998786943413334,0.2511930491749555,-0.4690394709919651,-0.3881114192306303,-0.7842989321358806,114
-0.2749103381992369,0.5792502958194785,-0.5069256118333573,-0.002369379310294058,-0.8794193220674666,-0.6498821188522269,-0.9003471022545434,77
0.5527519804436665,0.18416661270281787,1.904630433132256,1.8289148264165083,2.6620068001766772,-1.5660795675278136,2.3876843844408984,184
-1.3177648596892948,1.073104899715304,-0.8044210627952725,-1.094510819648722,-0.8034230533497811,0.9207420788773514,-0.3201062516612299,52
1.5128402700694352,-0.7047716743096685,-0.6174991422793789,-0.8939810559447012,0.36691948490257525,-0.32266874432523146,-0.3974716984070051,64
-0.5066557874192497,1.4681885828319647,-0.7754613286308383,-0.9503282622747566,-0.45384021724842805,2.0332675522691352,-0.7069334853901055,54
-0.39078306280924324,0.6780212165986436,-0.45163884661034653,-0.3967998236206823,-0.7578252921191699,-0.32266874432523146,-1.093760719118981,77
-1.6322765407735984,1.9620431867277905,0.7014851137553071,0.5959053702529419,-0.5754342471967246,0.26631532982336054,-0.2814235282883428,159
-1.119125903214998,1.56695950361113,-0.76229781310155,-0.30564993102794547,-0.590633500940262,0.3972006796341588,-0.5135198685256678,57
-1.4501908306721594,1.3694176620527996,-0.7886248441601266,-0.3470817003882804,-0.4994379784790392,1.8369395275529388,-0.7069334853901055,59
-0.22525059908066258,-0.21091707041384272,1.3938860305958707,1.1643492458767366,1.6892545605903024,-0.12634071960903376,1.3432508533729344,172
-0.9701466858592757,0.6780212165986436,-0.12255095837813935,-0.6404186274594516,-0.5298364859661135,1.182512778498948,-0.7842989321358806,107
1.3473078063408546,-0.6060007535305033,-0.7517670006781193,-0.3934852820718557,-0.013061858685852192,-0.6498821188522269,-0.3974716984070051,55
-0.2583570918263786,0.4804793750403133,-0.9650159522525894,-0.29239176483263835,-1.4569909643218764,-0.5189967690414286,-0.9003471022545434,58
0.42032600946080245,-0.7047716743096685,2.9050576133581654,2.319466975642874,1.3396717244889491,-0.45355409413602915,1.3045681300000467,205
0.22168705298650515,-0.11214614963467756,-0.9097291870295788,-0.7216248954057081,-0.925017083298078,-0.846210143568424,-1.5579533995936317,41
0.3210065312236538,-1.0010844366471638,-0.5227218304685032,-0.60064412887353,-1.2745999193994313,-0.12634071960903376,-0.8229816555087682,75
-1.268105120570721,1.073104899715304,-0.7254399696195427,-0.15815283210515338,-0.438640963504891,0.5280860294449571,-0.590885315271443,64
-0.09282462809779791,-0.11214614963467756,-0.43057722176348523,-0.6801931260453732,1.248476202027727,-0.45355409413602915,1.3819335767458218,79
-0.15903761358922996,0.18416661270281787,-0.2383898950358764,0.36057292028623955,-1.1226073819640603,-0.7153247937576257,-1.0550779957460936,97
-0.8708272076221271,0.3817084542611482,-0.046202568308267356,0.44343645900690937,-0.37784394853074255,1.3133981283097456,-0.47483714515278025,115
0.23824029935936344,0.3817084542611482,-0.37529045654047444,0.08380870095920258,1.3244724707454125,-0.6498821188522269,1.2658854066271592,88
0.8341571687822542,-0.21091707041384272,0.12229043046662262,0.3837747111280272,-0.605832754683799,-1.5660795675278136,-0.16537535816968002,133
-1.052912917723566,0.8755630581569739,0.32237586651180455,-0.004026650084707596,-0.7122275308885586,0.3317580047287594,-0.7842989321358806,146
-1.9633414682307597,2.455897790623616,0.39872425658167654,0.27770938156556974,-0.6362312621708731,1.4442834781205445,-0.3974716984070051,152
-0.6059752656563983,0.8755630581569739,-0.5885394081149447,-0.9188401175609021,-1.4265924568348023,-0.7807674686630246,-1.2484916126105312,70
0.9169234006465445,-1.0010844366471638,1.7756279809452309,1.5620942317359516,1.5980590381290802,-1.5660795675278136,2.581098001305336,175
-0.8542739612492694,0.7767921373778087,-0.025140943461406183,-0.36199713735800104,-0.028261112429389234,0.26631532982336054,-0.2427408049154552,115
1.4631805309508603,-1.3961681197638245,1.7835260902628036,1.0118803346307044,1.765250829307988,-1.042538168284621,1.8461262572204729,176
-0.6721882511478303,0.974333978936139,-0.26208422298859524,-0.4481752176274977,1.3396717244889491,-0.846210143568424,1.6913953637289225,94
0.22168705298650515,0.18416661270281787,-0.3700250503287591,-0.6354468151362114,-1.046611113246375,-0.32266874432523146,-0.9003471022545434,85
1.181775342612274,-2.0875645652179804,-0.2410225981417339,-0.16478191520280683,2.0540366504351932,-0.32266874432523146,2.19427076757646,94
0.6851779514265312,-0.11214614963467756,0.09333069630218836,0.5030982068857918,0.09333291751890738,-0.06089804470363489,-0.3201062516612299,125
-0.10937787447065622,-0.11214614963467756,-0.5069256118333573,-0.7962020802543108,-1.1226073819640603,0.13542998001256223,-0.7456162087629931,72
1.430074038205145,-0.7047716743096685,0.07753447766704238,0.5345863515996462,-0.21065215735183457,0.5280860294449571,0.530913662542296,127
-1.0694661640964238,1.3694176620527996,-0.7096437509843969,-0.39017074052302886,-0.3018476798130571,0.0045446302017639545,-1.1324434424918688,57
-1.6819362798921726,1.7645013451694602,0.45927642801640256,-0.012313003956774576,-0.6514305159144101,1.3133981283097456,-0.590885315271443,155
1.198328588985131,-1.69248088210132,0.7278121448138836,0.4550373544278032,0.1845284399801302,0.5935287043503559,0.22145187555919535,157
-1.549510308909308,1.665730424390295,-0.8149518752187032,-1.0696517580325213,-0.3018476798130571,0.7244140541611542,-0.8229816555087682,52
-0.4735492946735336,1.073104899715304,-0.8123191721128454,-1.0580508626116274,-1.1834043969382086,-0.9116528184738228,-0.7456162087629931,497
1.2645415744765642,-0.408458911972173,1.8203839337448111,2.074190901029691,1.2180776945406528,-1.6969649173386119,1.8074435338475854,181
0.6024117195622408,-0.5072298327513381,1.8045877151096652,2.2763779355081253,2.297224710331786,-0.9770954933792223,1.7300780871018102,180
-1.5826168016550242,0.6780212165986436,-0.7701959224191229,-0.5227524024761006,-0.21065215735183457,1.5097261530259434,-0.7069334853901055,51
0.7182844441722472,-1.2973971989846593,-0.6332953609145248,-0.9818164069886112,-0.955415590785152,-0.12634071960903376,0.10540370544053304,66
0.42032600946080245,0.3817084542611482,0.6856888951201613,0.7251724906571867,-0.10425738114707472,0.5280860294449571,0.530913662542296,154
0.5361987340708088,-0.7047716743096685,-0.3910866751756204,0.1583858858078054,1.1876791870535783,-1.042538168284621,1.3432508533729344,85
0.95002989339226,-1.1986262782054942,-0.2410225981417339,-0.6122450242944238,1.7500515755644512,-0.6498821188522269,1.7687608104746977,95
0.35411302396936983,0.6780212165986436,-0.2383898950358764,-0.08026110570772373,1.917243366743359,-0.9116528184738228,1.5753471936102599,94
-0.0597181353520819,0.7767921373778087,-0.27524773851788353,-0.6603058767524124,1.8412470980256734,-0.3881114192306303,1.8074435338475854,94
0.6520714586808152,-0.8035425950888336,-0.6806840168199626,-0.3934852820718557,-0.4234417097613537,-0.7153247937576257,-0.0106444646781297,59
-1.5991700480278823,1.2706467412736344,-0.20416475465972675,-0.4614333838228048,-0.8490208145803925,0.8552994039719525,-0.2040580815425676,97
1.8604584438994538,-1.4949390405429897,0.9357956901766387,1.4709443391432149,-0.07385887366000063,-0.5844394439468275,-0.04932718805101728,162
-0.8708272076221271,1.2706467412736344,-0.6806840168199626,-0.20455641378872844,-0.9098178295545409,0.8552994039719525,-0.7842989321358806,60
-0.49010254104639134,-0.11214614963467756,-0.18836853602458076,0.537900893148473,-0.05865961991646359,1.640611502836741,-0.6682507620172181,102
0.8176039224093958,-1.1986262782054942,-0.914994593241294,-1.1226844228137498,-0.925017083298078,0.5935287043503559,-0.12669263479679244,34
-1.0694661640964238,0.08539569192365273,0.356601006887954,0.2545075907237823,-0.40824245601781667,0.789856729066553,-0.2814235282883428,151
-0.6887414975206886,1.3694176620527996,2.9287519413108845,2.5315976347677887,1.5220627694113948,-0.1917833945144332,1.1111545131356093,202
1.2645415744765642,-1.3961681197638245,-0.7043783447726815,-0.9304410129817958,-0.7578252921191699,0.3972006796341588,-0.3587889750341175,58
-1.1522323959607141,0.28293753348198303,0.02751311865574695,0.22633398755875456,-0.13465588863414907,2.6222516264177274,-0.08800991142390487,123
1.0990091107479836,-0.7047716743096685,0.40662236589924944,-0.08026110570772373,-0.3474454410436682,-1.042538168284621,-0.04932718805101728,155
-0.374229816436385,0.6780212165986436,-0.4884966900923537,-0.7116812707592276,0.03253590254475921,-0.6498821188522269,0.37618276905074566,77
-0.17559085996208826,-0.6060007535305033,2.8603016605585854,1.8322293679653354,1.461265754437246,-0.257226069419832,1.3432508533729344,202
-1.9964479609764758,2.159585028286121,-0.7201745634078275,-1.0580508626116274,-0.25624991858244567,1.4442834781205445,-0.3201062516612299,56
1.2479883281037059,-0.6060007535305033,0.11439232114904972,-0.08191837648213703,-0.14985514237768613,-1.10798084319002,-0.3587889750341175,134
0.8672636615279696,-0.5072298327513381,3.7238282792798967,2.3078660802219804,1.8108485905385994,0.20087265491796166,1.8074435338475854,231
0.15547406749507311,-0.9023135158679987,-0.41478100312833927,-0.386856198974202,1.4764650081807833,-1.1734235180954193,1.1498372365084963,83
1.2976480672222797,-1.099855357426329,-0.870238640441714,-1.03484907176984,-1.107408128220523,0.5280860294449571,-0.6295680386443305,40
-1.4998505697907338,0.974333978936139,-0.7965229534776994,-1.0514217795139738,-0.7730245458627071,0.789856729066553,-0.7069334853901055,51
-1.2349986278250045,1.56695950361113,-0.046202568308267356,-0.30399266025353217,0.09333291751890738,2.425923601701531,-0.2814235282883428,116
-0.837720714876411,1.1718758204944693,-0.08569311489613221,0.10203867947774985,-0.8186223070933184,-0.257226069419832,-0.7456162087629931,111
-0.4404428019278176,1.56695950361113,2.9287519413108845,2.924370808303763,1.613258291872617,0.0045446302017639545,1.4206163001187095,204
-0.2418038454535203,0.7767921373778087,1.467601717559885,0.9853640022400901,1.3244724707454125,1.1170701035935484,1.1498372365084963,176
0.7679441832908221,-1.4949390405429897,0.47770534975740625,0.3091975262794244,0.33652097741550113,0.3972006796341588,-0.08800991142390487,156
0.23824029935936344,-0.21091707041384272,-0.28051314472959876,-0.5525832764155416,1.582859784385543,-0.5189967690414286,2.426367107813786,93
-0.026611642606365876,-0.3096879911930079,0.9621227212352151,0.5959053702529419,-0.28664842606952007,-0.3881114192306303,-0.2427408049154552,165
-0.7715077293849789,1.7645013451694602,-0.7517670006781193,-1.1127407981672695,-0.6210320084273361,0.0045446302017639545,-0.47483714515278025,57
0.039601342885066754,-1.2973971989846593,-0.41741370623419694,-0.642075898233865,1.0508859033617446,-1.10798084319002,1.2272026832542715,81
-0.903933700367843,0.974333978936139,0.44348020938125676,0.1186113872218838,-1.1378066357075973,1.5097261530259434,-0.9003471022545434,148
0.7513909369179638,-1.0010844366471638,0.8752435187419122,0.5080700192090318,-0.5602349934531876,-2.0241782918656073,-0.08800991142390487,166
1.3638610527137116,-1.1986262782054942,0.11175961804319202,-0.15318101978191323,0.09333291751890738,-0.6498821188522269,0.29881732230497055,131
-1.119125903214998,0.7767921373778087,-0.7675632193132653,-0.4001143651695091,-0.7730245458627071,1.0516274286881495,-0.9777125490003183,56
0.5361987340708088,0.08539569192365273,-0.24628800435344927,-0.39017074052302886,2.206029187870564,0.0045446302017639545,1.652712640356035,100
1.1652220962394155,-0.6060007535305033,-0.4042501907049087,-0.6072732119711837,-0.45384021724842805,-0.9770954933792223,-1.0550779957460936,85
-1.01980642497785,0.974333978936139,-0.7728286255249806,-0.8972955974935279,-0.7882237996062441,0.789856729066553,-0.43615442177989266,56
1.3969675454594284,-0.5072298327513381,-0.2304917857183033,0.13849863651484462,2.3580217253059352,-0.9116528184738228,1.9621744273391348,97
0.7182844441722472,-0.7047716743096685,-0.6359280640203825,-0.7796293725101769,0.10853217126244469,0.3317580047287594,-0.16537535816968002,63
0.6686247050536734,-0.7047716743096685,-0.7412361882546887,-0.9834736777630246,-0.27144917232598276,-0.45355409413602915,-0.04932718805101728,60
-0.6390817584021143,0.5792502958194785,-0.6912148292433932,-0.2658754324420241,-1.092208874476986,0.9861847537827502,-0.590885315271443,57
1.2148818353579893,-1.099855357426329,-0.5200891273626456,-0.10677743809833797,0.23012620121074157,-0.9116528184738228,0.530913662542296,73
-0.837720714876411,0.18416661270281787,-0.7886248441601266,-0.2973635771558785,-1.0010133520157636,1.3133981283097456,-0.7069334853901055,59
-1.9302349754850434,1.7645013451694602,-0.8044210627952725,-1.0000463855071586,-0.955415590785152,1.0516274286881495,-0.3201062516612299,52
1.1155623571208406,-0.5072298327513381,-0.21732827018901502,-0.5227524024761006,1.6588560531032284,-0.12634071960903376,2.19427076757646,100
0.23824029935936344,1.1718758204944693,-0.5490488615270798,-0.7763148309613501,0.6861038135168545,-0.257226069419832,0.9177408962711714,70
-0.5728687729106817,0.28293753348198303,-0.7754613286308383,-0.9652436992444772,-0.6666297696579475,0.5935287043503559,-0.2040580815425676,52
1.198328588985131,-0.5072298327513381,3.7132974668564667,3.335373960358286,1.8716456055127475,-0.32266874432523146,2.0008571507120223,233
-0.2583570918263786,0.4804793750403133,-0.3831885658580474,0.378802898804787,1.613258291872617,-0.9770954933792223,1.652712640356035,79
0.9665831397651182,-0.9023135158679987,-0.8913002652885751,-0.7365403323754286,-0.45384021724842805,-0.32266874432523146,-0.590885315271443,40
-0.6059752656563983,-0.21091707041384272,-0.8070537659011301,-0.10512016732392467,-0.605832754683799,1.4442834781205445,-0.16537535816968002,65
1.8604584438994538,-1.69248088210132,0.127555836678338,-0.2559318077955436,-0.8186223070933184,-1.3043088679062176,-0.3974716984070051,129
-1.01980642497785,0.8755630581569739,-0.21206286397729984,-0.4017716359439227,-0.6362312621708731,0.8552994039719525,-0.5135198685256678,99
-1.0032531786049916,0.7767921373778087,0.4276839907461108,0.07717961786154891,-0.438640963504891,0.9207420788773514,-1.1324434424918688,157
-1.334318106062153,1.3694176620527996,-0.172572317389435,-0.5907005042270497,-0.4994379784790392,0.7244140541611542,-0.590885315271443,99
1.198328588985131,-0.408458911972173,-0.6675205012906743,-0.9536428038235835,-0.1802536498647602,-1.5006368926224147,-0.2040580815425676,65
-0.5232090337921079,-0.408458911972173,-0.7833594379484111,-0.29902084793029204,-0.7122275308885586,0.8552994039719525,-0.3201062516612299,57
1.6452662410522993,-2.1863354859971458,-0.7438688913605463,-0.5293814855737541,0.017336648801221894,-0.45355409413602915,-0.16537535816968002,54
-1.301211613316437,1.4681885828319647,-0.6754186106082473,-0.8310047665169921,-0.4690394709919651,1.1170701035935484,-0.2427408049154552,63
1.6121597483065826,-1.099855357426329,3.7001339513271785,4.057944018002526,2.342822471562398,-0.6498821188522269,1.9234917039662471,233
1.0824558643751252,-0.7047716743096685,0.8462837845774781,0.4533800836533899,-0.4842387247355021,-1.5660795675278136,-0.5522025918985554,158
0.4699857485793762,0.8755630581569739,0.1328212428900532,-0.013970274731187877,-0.438640963504891,0.4626433545395576,0.06672098206764546,130
-0.7715077293849789,0.18416661270281787,-0.033039052778979075,-0.07197475183565674,-0.4690394709919651,1.4442834781205445,-0.12669263479679244,115
-0.22525059908066258,-0.11214614963467756,-0.5042929087274997,-0.32222263877207946,-1.077009620733449,0.5935287043503559,-1.3645397827291939,77
1.4631805309508603,-1.0010844366471638,-0.6490915795496708,-0.8691219943285002,0.16932918623659285,-0.9116528184738228,-0.2040580815425676,67
-0.22525059908066258,0.6780212165986436,3.020896550015902,2.755329189313597,1.7500515755644512,-0.9116528184738228,1.3432508533729344,210
-0.3245700773178106,1.4681885828319647,-0.7333380789371158,-0.5890432334526363,-0.5754342471967246,1.9023822024583377,-0.5135198685256678,58
-0.9866999322321334,0.8755630581569739,-0.7122764540902544,-0.03717206557297552,-0.6210320084273361,0.7244140541611542,-0.5522025918985554,69
-1.549510308909308,0.5792502958194785,-0.1778377236011502,0.022489682305906884,-0.40824245601781667,0.9861847537827502,-1.093760719118981,101
2.042544154000893,-2.0875645652179804,-0.39898478449319336,-0.6586486059779989,-1.213802904425283,0.5280860294449571,-1.0550779957460936,81
-0.6390817584021143,0.8755630581569739,-0.08306041179027451,-0.4117152605904029,-1.517787979296025,-0.7153247937576257,-0.7842989321358806,110
0.8010506760365376,-0.21091707041384272,0.6883215982260188,0.35228656641417255,0.7317015747474653,-0.45355409413602915,0.37618276905074566,159
1.4631805309508603,-1.099855357426329,-0.6859494230316779,-0.23107274617934268,-0.21065215735183457,-0.7153247937576257,0.4922309391694084,58
1.562500009188009,-1.7912518028804851,-0.6517242826555284,-0.763056664766043,-0.33224618730013117,-2.2205063165818046,-0.2427408049154552,63
1.562500009188009,-1.69248088210132,-0.9018310777120058,-1.084567195002242,-1.213802904425283,-0.846210143568424,-0.9003471022545434,35
-0.0597181353520819,-0.013375228855512416,-0.28577855094131416,0.3025684431817707,1.582859784385543,-0.9116528184738228,1.652712640356035,90
0.8176039224093958,0.18416661270281787,0.08543258698461546,-0.42497342678571004,-0.40824245601781667,-0.257226069419832,-0.04932718805101728,128
-0.8708272076221271,0.28293753348198303,0.39609155347581887,-0.04048660712180212,-0.6666297696579475,1.7714968526475399,-0.6295680386443305,151
-0.8542739612492694,0.6780212165986436,-0.7438688913605463,-0.4680624669204584,-0.45384021724842805,1.2479554534043467,-0.12669263479679244,56
0.8507104151551125,-0.8035425950888336,1.3859879212782977,1.4427707359781874,1.5068635156678576,-0.7807674686630246,1.6913953637289225,171
-0.2583570918263786,0.4804793750403133,-0.34106531616432495,-0.5658414426108487,1.856446351769211,-0.5844394439468275,1.3045681300000467,88
0.95002989339226,-1.2973971989846593,0.39345885036996114,0.21307582136344744,0.21492694746720425,0.4626433545395576,0.3375000456778581,152
0.35411302396936983,-0.8035425950888336,-0.5200891273626456,-0.49457879931107274,-0.955415590785152,-1.1734235180954193,-1.4032225061020813,70
-0.026611642606365876,-1.0010844366471638,-0.7149091571961121,-0.9171828467864888,-0.37784394853074255,-1.9587356169602081,-0.43615442177989266,57
-0.49010254104639134,0.28293753348198303,-0.21206286397729984,-0.44154613452984404,-0.3018476798130571,1.1170701035935484,-0.3201062516612299,95
-1.8143622508750368,1.4681885828319647,-0.822849984536276,-1.0083327393792256,-0.925017083298078,-0.257226069419832,-0.5135198685256678,51
0.056154589257924464,0.8755630581569739,-0.317370988211606,0.40200468964657443,0.9596903809005218,-0.12634071960903376,1.5753471936102599,87
-0.7052947438935463,0.8755630581569739,-0.2199609732948727,-0.45148975917632445,-0.013061858685852192,0.6589713792557548,-0.7456162087629931,98
0.7182844441722472,-0.013375228855512416,-0.28841125404717183,-0.6801931260453732,1.856446351769211,-0.6498821188522269,1.9234917039662471,98
1.446627284578002,-0.6060007535305033,0.12492313357248032,0.7019706998153991,0.10853217126244469,0.20087265491796166,0.3375000456778581,130
-1.2846583669435787,1.2706467412736344,-0.2252263795065881,-0.1382655828121926,-0.6210320084273361,0.4626433545395576,-0.6295680386443305,94
1.6783727337980159,-2.383877327555476,-0.6780513137141049,0.024146953080320183,-0.1802536498647602,-0.06089804470363489,-0.3587889750341175,70
-0.07627138172493961,0.3817084542611482,-0.34369801927018256,0.07883688863596221,-0.3018476798130571,-0.7807674686630246,-1.3645397827291939,85
0.6189649659350992,-0.11214614963467756,-0.40688289381076637,-0.6553340644291722,1.0812844108488187,-0.9116528184738228,1.5366644702373722,79
-0.7715077293849789,0.8755630581569739,0.5961769895210007,0.4997836653369649,-0.27144917232598276,0.26631532982336054,-0.2427408049154552,156
1.5293935164422923,-1.0010844366471638,-0.6727859075023896,-0.3487389711626939,0.29092321618488975,-0.6498821188522269,0.14408642881342063,65
-0.17559085996208826,-0.5072298327513381,1.9230593548732597,1.6118123549683536,0.38211873864611257,-0.32266874432523146,0.10540370544053304,180
1.1486688498665572,-1.099855357426329,0.11702502425490723,0.022489682305906884,-1.1530058894511344,0.20087265491796166,-0.47483714515278025,126
1.181775342612274,-1.099855357426329,1.8572417772268184,0.9290167959100346,0.5493105298250203,-2.482277016203401,0.29881732230497055,181
-0.9535934394864174,0.6780212165986436,0.40925506900510716,-0.058716585640349615,-0.7122275308885586,1.3133981283097456,-0.9003471022545434,149
1.4631805309508603,-1.2973971989846593,-0.1699396142835773,-0.2145000384352087,1.7956493367950621,-1.3697515428116165,1.5366644702373722,102
0.40377276308794413,-0.5072298327513381,-0.3226363944233213,-0.5326960271225808,1.1420814258229675,-1.8278502671494101,1.459299023491597,88
1.0493493716294087,-0.7047716743096685,-0.7465015944664041,-0.07528929338448358,-0.7122275308885586,-0.3881114192306303,-0.2040580815425676,65
-0.5397622801649656,0.28293753348198303,0.58564617709757,1.0251385008260112,-0.5754342471967246,1.1170701035935484,-0.7069334853901055,150
0.6355182123079569,-1.0010844366471638,1.9520190890376938,1.3317335940924895,1.552461276898469,0.26631532982336054,2.4650498311866733,183
1.3473078063408546,-1.5937099613221548,0.8910397373770584,0.7666042600175216,0.1845284399801302,-1.10798084319002,-0.43615442177989266,161
0.42032600946080245,-0.11214614963467756,-0.24628800435344927,-0.4780060915669388,1.8260478442821368,-0.5844394439468275,2.310318937695123,94
-1.3839778451807274,0.8755630581569739,-0.7754613286308383,-0.8906665143958744,-0.605832754683799,0.8552994039719525,-0.7842989321358806,54
-0.12593112084351393,-0.6060007535305033,-0.21469556708315735,0.5080700192090318,-0.8794193220674666,0.0045446302017639545,-1.287174335983419,99
-0.8873804539949853,0.5792502958194785,-0.7280726727254004,-0.985130948537438,-0.8490208145803925,1.3133981283097456,-0.8229816555087682,56
0.5361987340708088,-0.5072298327513381,1.8124858244272382,1.0317675839236649,2.4188187402800834,-0.9116528184738228,1.8848089805933597,185
-1.1522323959607141,1.2706467412736344,-0.7570324068898346,-1.086224465776655,-0.5754342471967246,1.5097261530259434,0.10540370544053304,56
-0.4569960483006753,1.1718758204944693,0.6619945671674422,0.9389604205565149,-0.1802536498647602,2.0332675522691352,-0.7842989321358806,156
-1.7315960190107464,0.974333978936139,-0.7833594379484111,-0.642075898233865,-1.092208874476986,0.9207420788773514,-0.8229816555087682,51
1.0327961252565503,-0.013375228855512416,-0.6885821261375356,-0.968558240793304,-0.07385887366000063,-0.846210143568424,-0.2814235282883428,62
0.7017311977993895,-1.099855357426329,0.09333069630218836,-0.45480430072515127,-0.19545290360829726,0.20087265491796166,0.4922309391694084,129
1.3142013135951378,-1.1986262782054942,1.8651398865443913,2.011214611601982,1.7804500830515253,-0.1917833945144332,2.116905320830685,181
0.5361987340708088,-1.5937099613221548,1.3780898119607248,1.3681935511295846,-0.4842387247355021,-1.2388661930008182,-0.43615442177989266,170
-0.22525059908066258,0.08539569192365273,0.7409756603431719,0.4600091667510433,0.3973179923896493,-0.7153247937576257,0.06672098206764546,160
-0.5397622801649656,1.1718758204944693,-0.9070964839237211,-1.0795953826790015,-0.6818290234014845,-0.32266874432523146,-1.790049739830957,33
1.7280324729165897,-1.3961681197638245,-0.7491342975722617,-0.16478191520280683,-0.45384021724842805,-1.2388661930008182,0.3375000456778581,60
-1.0032531786049916,2.0608141075069555,-0.20943016087144214,-0.3487389711626939,-0.6818290234014845,0.3972006796341588,-1.3645397827291939,99
0.43687925583366016,-0.7047716743096685,-0.39898478449319336,-0.2128427676607954,1.1116829183358927,-1.2388661930008182,0.7243272794067335,86
-1.0694661640964238,0.974333978936139,-0.8096864690069877,-1.1375998597834704,-0.8794193220674666,0.7244140541611542,-0.2814235282883428,499
-1.1522323959607141,1.665730424390295,-0.8017883596894149,-0.9967318439583317,-0.5602349934531876,1.7714968526475399,-1.1324434424918688,47
-0.903933700367843,0.6780212165986436,-0.1594088018601467,-0.48629244543900574,-0.4234417097613537,1.9023822024583377,-0.6295680386443305,107
-1.4170843379264435,0.8755630581569739,-0.7465015944664041,-0.9652436992444772,-0.5754342471967246,1.3788408032151445,-1.016395272373206,57
-1.3177648596892948,0.8755630581569739,-0.19100123913043845,-0.4067434482671628,-1.1530058894511344,1.1170701035935484,-0.3201062516612299,101
1.1155623571208406,-1.2973971989846593,-0.6438261733379554,-0.11672106274481849,-0.7426260383756329,-0.32266874432523146,-0.2427408049154552,68
1.3638610527137116,-1.1986262782054942,-0.5648450801622258,-0.6354468151362114,-0.3626446947872055,-0.32266874432523146,0.06672098206764546,72
-0.5232090337921079,0.7767921373778087,-0.2357571919300187,-0.5824141503549827,-1.517787979296025,-0.9116528184738228,-0.7842989321358806,500
-1.4832973234178755,0.8755630581569739,-0.28841125404717183,0.6058489948994223,-0.6362312621708731,1.1170701035935484,-0.7069334853901055,152
0.8672636615279696,-0.7047716743096685,3.726460982385755,3.355261209651246,1.9780403817175076,-0.7807674686630246,1.9621744273391348,230
0.4699857485793762,-0.408458911972173,-0.043569865202409665,0.6439662227109302,-0.9858140982722264,-0.5844394439468275,-1.1324434424918688,113
-0.5232090337921079,-0.11214614963467756,-0.8439116093831374,-0.49457879931107274,-0.24105066483890863,-0.7153247937576257,-0.7456162087629931,50
-0.2749103381992369,0.6780212165986436,-0.44110803418691585,-0.7133385415336411,-1.396193949347728,-0.12634071960903376,-1.4805879528478565,79
1.2645415744765642,-1.1986262782054942,0.9831843460820764,0.6621962012294779,-0.37784394853074255,-0.3881114192306303,0.18276915218630777,162
0.5693052268165248,0.18416661270281787,-0.7149091571961121,-0.3404526172906269,-0.21065215735183457,-0.5189967690414286,-0.3974716984070051,59
-1.301211613316437,1.1718758204944693,-0.8333807969597067,-0.5426396517690611,-0.7122275308885586,2.0987102271745353,-0.47483714515278025,51
-0.7549544830121206,1.1718758204944693,-0.18836853602458076,-0.5525832764155416,-0.5602349934531876,2.0332675522691352,-0.3974716984070051,101
-0.6721882511478303,0.3817084542611482,0.32237586651180455,1.0499975624422122,-1.1834043969382086,1.3133981283097456,-0.08800991142390487,149
0.4699857485793762,-0.3096879911930079,-0.6885821261375356,-0.9122110344632486,-0.2258514110953716,-1.10798084319002,0.028038258694757883,59
-1.61572329440074,1.9620431867277905,-0.754399703783977,-0.18798370604459447,-0.7274267846320956,0.7244140541611542,-0.9390298256274308,62
0.5693052268165248,-0.9023135158679987,1.8124858244272382,1.116288393418748,-0.028261112429389234,-1.042538168284621,0.530913662542296,181
-0.3080168309449529,-0.6060007535305033,-0.7359707820429734,-0.8923237851702878,-0.8946185758110039,-1.4351942177170156,-1.287174335983419,56
-1.2184453814521468,1.7645013451694602,-0.0962239273195628,0.6920270751689187,-0.6362312621708731,0.9861847537827502,-0.3587889750341175,108
0.9665831397651182,-1.2973971989846593,1.3412319684787175,1.1510910796814298,-0.19545290360829726,1.1170701035935484,0.6856445560338459,170
0.5858584731893831,-0.11214614963467756,1.8072204182155227,1.4029962373922658,2.1300329191528786,-0.846210143568424,1.6913953637289225,181
1.2148818353579893,-1.1986262782054942,-0.8807694528651445,-1.0381636133186667,-0.7730245458627071,-0.32266874432523146,-0.9003471022545434,41
-0.17559085996208826,0.18416661270281787,-0.3700250503287591,0.16667223967987238,1.7196530680773767,-0.32266874432523146,0.956423619644059,85
0.38721951671508587,-0.408458911972173,1.8256493399565263,1.9200647190092452,1.3700702319760238,-2.1550636416764055,2.116905320830685,180
0.3375597775965121,-1.1986262782054942,1.8072204182155227,1.0533121039910394,1.5980590381290802,-0.1917833945144332,2.4650498311866733,182
0.5527519804436665,-1.3961681197638245,0.40662236589924944,0.3174838801514913,-0.07385887366000063,-0.6498821188522269,0.22145187555919535,149
-0.6887414975206886,1.3694176620527996,-0.8755040466534292,-1.1458862136555374,-1.0162126057593006,0.5280860294449571,-1.016395272373206,38
0.8010506760365376,-0.9023135158679987,-0.7438688913605463,-0.9586146161468236,-0.3018476798130571,-0.5844394439468275,-0.16537535816968002,56
-1.549510308909308,1.2706467412736344,-0.7017456416668238,-0.04380114867062896,-1.077009620733449,0.8552994039719525,-0.3587889750341175,68
0.6189649659350992,0.08539569192365273,-0.7280726727254004,-0.08523291803096386,0.27572396244135244,0.13542998001256223,-0.43615442177989266,65
0.3044532848507955,-0.11214614963467756,0.8778762218477701,0.645623493485344,0.13893067874951878,-0.9116528184738228,-0.43615442177989266,161
0.023048096512208446,0.28293753348198303,-0.49112939319821136,0.037405119275627306,-0.3018476798130571,-1.3697515428116165,-0.7456162087629931,72
1.7280324729165897,-1.099855357426329,0.41715317832268023,0.3771456280303735,0.19972769372366694,-1.4351942177170156,0.18276915218630777,153
0.5030922413250928,-0.5072298327513381,1.9151612455556866,1.1759501412976308,2.038837396691656,-0.9116528184738228,2.19427076757646,180
-0.026611642606365876,0.18416661270281787,-0.8465443124889949,-0.2410163708258232,-1.0010133520157636,-0.06089804470363489,-0.7069334853901055,63
0.3044532848507955,-0.408458911972173,-0.36739234722290154,-0.1813546229469408,1.278874709514801,-0.12634071960903376,1.3819335767458218,82
1.3142013135951378,-0.7047716743096685,0.1354539459959109,0.1882167597472465,-0.4994379784790392,-0.5189967690414286,0.14408642881342063,133
-1.119125903214998,1.3694176620527996,0.3329066789352351,0.18490221819841965,-0.925017083298078,1.1170701035935484,-0.9777125490003183,150
-1.5991700480278823,2.5546687114027815,0.3723972255231,0.9770776483680231,-0.438640963504891,-0.45355409413602915,-0.04932718805101728,152
-1.897128482739327,1.1718758204944693,-0.7965229534776994,-1.0696517580325213,-0.37784394853074255,0.20087265491796166,-0.5522025918985554,48
-1.4170843379264435,0.4804793750403133,-0.14097988011914303,-0.43657432220660386,-0.6362312621708731,1.1170701035935484,-0.16537535816968002,104
0.5361987340708088,-0.013375228855512416,0.8989378466946313,0.6058489948994223,-0.14985514237768613,-0.9770954933792223,-0.3974716984070051,163
-0.407336309182101,0.18416661270281787,2.9234865350991694,2.269748852410472,0.8988933659263736,-0.3881114192306303,1.9234917039662471,204
-1.6984895262650304,0.8755630581569739,-0.21469556708315735,-0.4282879683345369,-0.8338215608368554,1.3788408032151445,-0.3201062516612299,99
1.0162428788836932,-0.6060007535305033,-0.730705375831258,-1.03982088409308,-0.05865961991646359,-0.846210143568424,-0.590885315271443,55
-0.8873804539949853,0.6780212165986436,0.3487028975703811,0.18490221819841965,-1.380994695604191,1.4442834781205445,-0.9777125490003183,148
-0.837720714876411,0.3817084542611482,-0.7149091571961121,-0.4829779038901789,-0.45384021724842805,0.8552994039719525,-0.7456162087629931,63
0.9334766470194028,0.28293753348198303,0.1486174615251992,-0.0073411916335341994,0.03253590254475921,-0.45355409413602915,0.4535482157965208,131
1.0493493716294087,0.28293753348198303,0.16178097705448746,-0.12003560429364532,-0.2258514110953716,-0.12634071960903376,0.26013459893208296,132
-1.6653830335193145,1.665730424390295,-0.08569311489613221,0.6290507857412098,-0.3626446947872055,1.7060541777421399,-0.08800991142390487,112
0.9334766470194028,-0.408458911972173,0.8673454094243394,1.108002039546681,-0.08905812740353768,-0.846210143568424,0.14408642881342063,163
-0.7715077293849789,0.3817084542611482,-0.7254399696195427,-0.9635864284700638,-0.11945663489061176,2.360480926796131,-0.2814235282883428,59
1.4135207918322865,-0.7047716743096685,-0.6174991422793789,-0.8442629327122994,-0.21065215735183457,-0.3881114192306303,-0.43615442177989266,62
-0.8873804539949853,1.2706467412736344,-0.12255095837813935,-0.3404526172906269,-0.7882237996062441,-0.6498821188522269,-0.5135198685256678,112
-0.0597181353520819,-0.013375228855512416,-0.9334235149822977,-0.4912642577622459,-0.955415590785152,-0.257226069419832,-1.4805879528478565,52
1.4797337773237187,-1.1986262782054942,-0.7096437509843969,-0.2791335986373312,-0.39304320227427963,-0.06089804470363489,-0.2814235282883428,60
0.6355182123079569,-0.408458911972173,1.3570281871138636,1.3648790095807575,1.3700702319760238,0.0045446302017639545,1.8074435338475854,169
-0.4569960483006753,0.28293753348198303,0.6146059112620045,1.0582839163142792,-0.5450357397096506,0.9207420788773514,-0.47483714515278025,158
1.7942454584080216,-1.8900227236596503,-0.6912148292433932,-0.2559318077955436,-0.3018476798130571,0.0045446302017639545,-0.04932718805101728,60
1.5956065019337256,-0.8035425950888336,-0.7359707820429734,-1.092853548874309,-0.16505439612122316,-1.5660795675278136,-0.2040580815425676,55
-1.764702511756463,1.665730424390295,-0.8491770155948526,-0.1780400813981142,-0.438640963504891,0.9207420788773514,-0.47483714515278025,62
0.07270783563078277,-0.11214614963467756,1.3517627809021482,1.076513894832827,1.6436567993596911,0.0045446302017639545,1.3045681300000467,499
-1.086019410469282,1.073104899715304,0.33553938204109285,0.28102392311439656,-0.40824245601781667,-0.32266874432523146,-0.2814235282883428,150
-0.34112332369066894,0.08539569192365273,-0.5569469708446527,-0.0885474595797907,0.792498589721614,0.13542998001256223,0.3375000456778581,70
-0.026611642606365876,0.8755630581569739,-0.6306626578086671,-0.8508920158099529,-0.05865961991646359,-0.45355409413602915,-0.12669263479679244,63
0.9665831397651182,-0.9023135158679987,-0.7438688913605463,-0.985130948537438,-0.39304320227427963,-0.7807674686630246,-1.2098088892376437,56
-1.086019410469282,0.974333978936139,-0.08569311489613221,-0.458118842273978,0.48851351485087213,0.26631532982336054,-0.5522025918985554,111
-0.4404428019278176,0.7767921373778087,-0.6806840168199626,-0.9105537636888352,-0.2258514110953716,1.4442834781205445,-0.9390298256274308,62
-0.7052947438935463,0.28293753348198303,0.40135695968753426,0.43017829281160225,-1.0010133520157636,-0.06089804470363489,-0.6682507620172181,155
1.4135207918322865,-1.099855357426329,-0.28051314472959876,0.23793488297964838,2.403619486536546,-1.6969649173386119,2.116905320830685,93
-1.4832973234178755,0.18416661270281787,-0.8202172814304184,-0.4846351746645923,-0.11945663489061176,0.06998730510716339,-0.08800991142390487,53
-0.09282462809779791,0.28293753348198303,-0.5990702205383752,-0.9884454900862647,-0.11945663489061176,0.789856729066553,-0.3587889750341175,68
-1.4336375842993017,1.7645013451694602,0.009084196914743466,-0.2841054109605714,0.09333291751890738,1.2479554534043467,-0.590885315271443,117
-1.2515518741978626,0.974333978936139,0.0011860875971703834,-0.027228440926495,-0.8186223070933184,0.6589713792557548,-0.2427408049154552,117
1.8439051975265965,-0.013375228855512416,-0.4226791124459123,-0.1796973521725275,-1.259400665655894,-0.846210143568424,-1.9060979099496194,82
1.1652220962394155,-1.2973971989846593,-0.5832740019032293,-0.8856947020726342,-0.05865961991646359,-0.6498821188522269,0.22145187555919535,72
0.1223675747493571,0.6780212165986436,-0.49112939319821136,-0.8856947020726342,0.3213217236719638,0.0045446302017639545,-0.2040580815425676,75
-0.7880609757578366,0.8755630581569739,0.2934161323473703,0.34731475409093243,-0.45384021724842805,0.4626433545395576,-0.43615442177989266,148
-1.4832973234178755,1.3694176620527996,-0.6411934702320977,-0.1366083120377793,-0.5146372322225765,1.0516274286881495,0.06672098206764546,65
1.3473078063408546,-1.099855357426329,-0.5938048143266599,-0.880722889749394,0.29092321618488975,-0.9116528184738228,0.3375000456778581,66
0.1720273138679314,0.28293753348198303,3.702766654433035,4.0098831655445375,1.886844859256285,-1.893292942054809,2.19427076757646,231
1.4962870236965768,-1.4949390405429897,0.8726108156360547,0.21639036291227426,-0.028261112429389234,-1.5660795675278136,-0.3587889750341175,162
1.5293935164422923,-2.0875645652179804,0.17757719568963345,0.5445299762461266,-0.07385887366000063,-1.3043088679062176,-0.5522025918985554,134
-0.026611642606365876,-0.21091707041384272,-0.3726577534346168,-0.4001143651695091,1.430867246950172,-1.042538168284621,1.3819335767458218,85
-0.0597181353520819,1.073104899715304,-0.3226363944233213,0.06889326398948192,1.4916642619243201,-0.45355409413602915,1.3432508533729344,87
1.4631805309508603,-1.3961681197638245,-0.7280726727254004,-0.5691559841596756,-0.37784394853074255,-1.10798084319002,-0.3587889750341175,60
0.8010506760365376,-0.5072298327513381,0.3487028975703811,0.13849863651484462,0.21492694746720425,0.0045446302017639545,0.18276915218630777,153
-0.837720714876411,0.3817084542611482,-0.21732827018901502,-0.2841054109605714,-0.7578252921191699,1.640611502836741,-0.5522025918985554,97
-0.7549544830121206,0.18416661270281787,-0.2199609732948727,0.28931027698646355,-0.8946185758110039,0.4626433545395576,-0.7069334853901055,98
-1.367424598807869,2.0608141075069555,-0.20943016087144214,-0.5641841718364354,-0.8338215608368554,1.182512778498948,-0.5522025918985554,101
0.4699857485793762,-0.5072298327513381,-0.48323128388063835,-0.6122450242944238,0.41251724613318663,-0.257226069419832,0.18276915218630777,74
-0.39078306280924324,0.8755630581569739,0.1380866491017686,-0.05374477331710948,-0.4842387247355021,2.0332675522691352,-0.2427408049154552,132
-1.1853388887064307,0.28293753348198303,0.34343749135866575,0.27439484001674314,-0.9706148445286894,1.8369395275529388,-0.2427408049154552,151
-0.7549544830121206,0.5792502958194785,-0.8281153907479915,-0.20787095533755526,-0.9098178295545409,0.9207420788773514,-0.3974716984070051,63
-0.8211674685035527,0.7767921373778087,-0.6227645484910942,-0.4017716359439227,-0.21065215735183457,0.06998730510716339,-0.7069334853901055,68
-0.4404428019278176,-0.21091707041384272,-0.43057722176348523,-0.6569913352035855,1.6284575456161543,0.26631532982336054,1.5753471936102599,78
0.9169234006465445,-0.9023135158679987,3.70803206064475,4.414257234501406,1.5980590381290802,-0.5189967690414286,2.0395398740849098,234
-1.4667440770450177,2.0608141075069555,-0.8149518752187032,-1.0215909055745327,-0.5450357397096506,0.6589713792557548,-0.7842989321358806,48
-1.334318106062153,1.073104899715304,-0.5780085956915141,-0.8890092436214609,-0.4994379784790392,0.5935287043503559,-0.3201062516612299,69
-1.5660635552821658,1.2706467412736344,0.31974316340594683,-0.15981010287956668,-0.28664842606952007,1.7714968526475399,-0.9003471022545434,150
-1.367424598807869,1.3694176620527996,-0.6727859075023896,-0.8641501820052601,-1.0314118595028376,2.2950382518907317,-0.3587889750341175,62
1.0824558643751252,-0.21091707041384272,-0.7412361882546887,-0.9204973883353156,-0.7274267846320956,-2.2205063165818046,-0.12669263479679244,56
-1.0363596713507077,0.4804793750403133,-0.15414339564843133,-0.46309065459721827,-0.33224618730013117,0.7244140541611542,-0.590885315271443,102
-1.1356791495878564,0.4804793750403133,-0.6964802354551086,-0.24598818314906332,-0.5450357397096506,1.1170701035935484,-1.0550779957460936,57
-1.2184453814521468,0.6780212165986436,-0.7228072665136851,-0.9619291576956505,-0.7730245458627071,1.575168827931342,-0.5522025918985554,58
-0.6721882511478303,0.6780212165986436,0.5066650839218405,-0.03551479479856198,-0.8642200683239296,0.9207420788773514,-0.8616643788816558,157
-1.4170843379264435,1.4681885828319647,-0.06989689626098623,-0.39017074052302886,-0.24105066483890863,0.5280860294449571,-0.47483714515278025,114
1.0493493716294087,-0.408458911972173,1.314904937420141,1.1527483504558431,1.6588560531032284,-1.3697515428116165,1.188519959881384,167
-0.655635004774972,0.3817084542611482,-0.6411934702320977,-0.3454244296138671,-0.8946185758110039,0.13542998001256223,-0.5135198685256678,61
1.446627284578002,-0.8035425950888336,3.6659088109510285,2.8265918326133725,1.6892545605903024,-0.846210143568424,2.0782225974577977,231
1.0659026180022668,-0.6060007535305033,-0.28841125404717183,0.387089252676854,0.8988933659263736,-0.9116528184738228,0.7243272794067335,151
1.81079870478088,-1.2973971989846593,-0.6806840168199626,-0.8691219943285002,-0.45384021724842805,0.0045446302017639545,-0.7069334853901055,61
1.0990091107479836,-1.2973971989846593,0.8436510814716206,1.2356118891765129,0.30612246992842707,-0.9116528184738228,-0.6295680386443305,159
0.6851779514265312,-0.3096879911930079,-0.4226791124459123,-0.8442629327122994,-0.7882237996062441,-1.042538168284621,-1.2484916126105312,85
-1.516403816163592,1.665730424390295,-0.8360135000655643,-1.1492007552043642,0.03253590254475921,1.3788408032151445,-1.2484916126105312,46
-1.2515518741978626,1.3694176620527996,0.42505128764025313,0.395375606548921,-0.45384021724842805,1.4442834781205445,-0.8616643788816558,154
0.07270783563078277,-0.013375228855512416,-0.49112939319821136,-0.642075898233865,0.04773515628829598,-0.9770954933792223,0.5695963859151836,76
-0.9370401931135597,1.1718758204944693,-0.8017883596894149,-0.5923577750014631,-0.7882237996062441,0.4626433545395576,-0.6682507620172181,49
0.15547406749507311,0.08539569192365273,1.335966562267002,1.2737291169880207,1.6892545605903024,-0.5189967690414286,1.6913953637289225,170
0.6024117195622408,0.4804793750403133,-0.7070110478785392,-0.9155255760120753,0.26052470869781563,-0.1917833945144332,0.22145187555919535,56
-1.0032531786049916,1.8632722659486254,-0.6385607671262401,-0.32056536799766616,-0.6362312621708731,-0.1917833945144332,-0.9003471022545434,65
-0.5232090337921079,0.4804793750403133,-0.011977427932117899,0.17330132277752583,0.0021373950576851204,1.9023822024583377,-0.3201062516612299,118
-0.2583570918263786,-0.3096879911930079,-0.493762096304069,0.022489682305906884,-0.7578252921191699,1.2479554534043467,-0.9777125490003183,74
-1.1356791495878564,1.3694176620527996,-0.10148933353127818,-0.4150298021392298,-0.6970282771450216,0.13542998001256223,-1.1324434424918688,108
-1.0032531786049916,0.8755630581569739,-0.5516815646329375,-0.792887538705484,-0.7122275308885586,2.0332675522691352,-0.5135198685256678,72
-0.9370401931135597,0.18416661270281787,-0.822849984536276,-0.6139022950688373,-0.5298364859661135,1.4442834781205445,-0.8616643788816558,48
-1.4501908306721594,1.56695950361113,-0.03040634967312138,-0.22610093385610253,-0.4842387247355021,1.1170701035935484,-0.3201062516612299,119
0.9169234006465445,-0.7047716743096685,0.40398966279339193,0.5876190163808749,0.19972769372366694,-0.32266874432523146,0.5695963859151836,150
1.7280324729165897,-1.9887936444388155,-0.6569896888672437,-0.9867882193118515,-0.3626446947872055,-0.7807674686630246,0.26013459893208296,64
-0.49010254104639134,-0.408458911972173,-0.7912575472659842,-0.22941547540492938,-0.6210320084273361,-0.5189967690414286,-0.590885315271443,58
1.5790532555608672,-1.3961681197638245,0.051207446608465816,0.03906239005004084,-0.3018476798130571,-0.5189967690414286,0.18276915218630777,123
0.38721951671508587,-1.0010844366471638,3.8080747786673412,3.3304021480350454,2.4948150089977688,0.06998730510716339,1.7687608104746977,235
-1.3839778451807274,1.9620431867277905,-0.2252263795065881,-0.1084347088727515,-1.0162126057593006,1.575168827931342,-0.6682507620172181,97
1.0162428788836932,-1.099855357426329,-0.6122337360676635,-0.09683381345185768,-0.13465588863414907,0.13542998001256223,-0.3587889750341175,68
0.9665831397651182,-0.5072298327513381,0.6304021298971503,0.46332370829987013,0.36691948490257525,0.789856729066553,0.37618276905074566,156
-1.0363596713507077,0.6780212165986436,-0.7886248441601266,-0.9337555545306226,-0.13465588863414907,1.2479554534043467,-0.47483714515278025,49
-1.5826168016550242,0.8755630581569739,-0.18047042670700789,-0.010655733182361038,-0.7426260383756329,0.5280860294449571,-0.6682507620172181,103
-0.2749103381992369,0.08539569192365273,-0.24892070745930697,-0.4647479253716317,1.4156679932066347,-0.1917833945144332,1.459299023491597,92
1.628712994679441,-1.3961681197638245,-0.6964802354551086,-0.562526901062022,-0.4994379784790392,-1.2388661930008182,-0.2814235282883428,60
-1.1025726568421403,0.974333978936139,-0.7701959224191229,-0.9254692006585558,-0.7426260383756329,1.0516274286881495,-0.590885315271443,51
0.5030922413250928,-0.6060007535305033,-0.3068401757881754,-0.4564615714995647,1.7196530680773767,-0.45355409413602915,1.8461262572204729,90
-0.09282462809779791,-0.21091707041384272,1.3912533274900132,1.7361076630493584,1.4916642619243201,-1.10798084319002,1.8461262572204729,171
0.5527519804436665,0.3817084542611482,-0.6411934702320977,-0.7067094584359874,0.38211873864611257,-1.1734235180954193,0.22145187555919535,64
-0.026611642606365876,0.5792502958194785,-0.48323128388063835,-0.6619631475268257,0.610107544799169,-1.6315222424332128,0.6469618326609587,77
-1.3177648596892948,1.665730424390295,-0.8570751249124257,-0.29073449405822505,-0.6666297696579475,1.8369395275529388,0.06672098206764546,58
-1.549510308909308,0.8755630581569739,-0.7412361882546887,-0.22278639230727568,-0.2258514110953716,2.164152902079934,-0.8616643788816558,59
1.0824558643751252,-1.1986262782054942,-0.7280726727254004,-1.03982088409308,-0.24105066483890863,-0.7807674686630246,-0.08800991142390487,56
-1.1522323959607141,0.3817084542611482,-0.6885821261375356,-0.46309065459721827,-1.0162126057593006,0.6589713792557548,-0.8229816555087682,60
1.0824558643751252,-1.3961681197638245,-0.6754186106082473,-0.9569573453724102,-0.37784394853074255,0.26631532982336054,0.028038258694757883,62
1.0162428788836932,-0.6060007535305033,-0.49639479940992665,-0.12169287506805862,0.7317015747474653,-0.6498821188522269,0.3375000456778581,74
0.6189649659350992,-0.5072298327513381,0.1433520553134838,-0.20621368456314174,-0.4234417097613537,-0.9116528184738228,-0.3201062516612299,132
-0.026611642606365876,-1.7912518028804851,-0.6464588764438131,-0.8989528682679414,-0.4842387247355021,-0.32266874432523146,0.06672098206764546,65
1.3307545599679962,-1.3961681197638245,-0.76229781310155,-0.5509260056411281,-0.39304320227427963,-0.257226069419832,-0.6295680386443305,57
0.6024117195622408,-0.013375228855512416,-0.25155341056516467,-0.4050861774927493,1.3700702319760238,0.06998730510716339,2.0395398740849098,92
-1.4336375842993017,0.974333978936139,0.3671318193113846,0.48818276991607107,-0.6362312621708731,2.425923601701531,-0.590885315271443,151
0.7017311977993895,-0.8035425950888336,-0.7122764540902544,-0.017284816280014718,-0.5754342471967246,-0.3881114192306303,0.10540370544053304,64
-0.7384012366392624,0.7767921373778087,-0.13834717701328533,-0.33050899264414646,-1.0010133520157636,1.8369395275529388,-0.7456162087629931,107
-1.301211613316437,1.4681885828319647,-0.76229781310155,-0.9436991791771031,-0.605832754683799,-0.257226069419832,-0.12669263479679244,55
0.9003701542736862,-0.5072298327513381,-0.27788044162374126,-0.4597761130483914,2.28202545658825,-0.846210143568424,2.2716362143222355,93
-0.407336309182101,1.073104899715304,-0.7886248441601266,-0.5724705257085024,-0.24105066483890863,0.20087265491796166,-0.2040580815425676,499
0.07270783563078277,-0.11214614963467756,-0.27788044162374126,-0.09517654267744438,1.4156679932066347,-0.06089804470363489,1.1111545131356093,93
0.1720273138679314,-0.21091707041384272,1.8440782616975302,2.031101860894943,1.4460665006937092,0.8552994039719525,2.3876843844408984,182
1.5293935164422923,-0.6060007535305033,0.22496585159507118,-0.15815283210515338,-0.3474454410436682,-0.9770954933792223,0.26013459893208296,141
1.0659026180022668,-0.6060007535305033,-0.7333380789371158,-0.5177805901528603,-0.21065215735183457,0.20087265491796166,-0.5135198685256678,57
0.95002989339226,-1.099855357426329,-0.26208422298859524,-0.49955061163431286,1.9780403817175076,-0.5844394439468275,2.3490016610680104,95
-0.622528512029256,0.28293753348198303,-0.8570751249124257,-0.4879497162134192,-0.39304320227427963,-0.32266874432523146,-0.9777125490003183,53
-0.09282462809779791,0.08539569192365273,-0.8728713435475715,-1.1574871090764312,-0.8794193220674666,0.7244140541611542,-0.9777125490003183,36
1.2645415744765642,-0.5072298327513381,-0.7043783447726815,-0.9486709915003433,-0.16505439612122316,-0.846210143568424,0.22145187555919535,58
-0.622528512029256,1.073104899715304,-0.34369801927018256,-0.7613993939916295,1.7804500830515253,0.0045446302017639545,1.3819335767458218,86
1.3307545599679962,-0.013375228855512416,0.948959205705927,1.4924888592105892,-0.5450357397096506,-0.5844394439468275,-0.5522025918985554,163
0.43687925583366016,-0.11214614963467756,-0.3226363944233213,-0.6586486059779989,0.9292918734134477,-0.846210143568424,1.188519959881384,90
-1.1025726568421403,0.974333978936139,-0.7780940317366959,-0.4929215285366593,-0.40824245601781667,1.9023822024583377,-1.0550779957460936,54
0.27134679210507945,-0.21091707041384272,-0.8649732342299986,-1.1906325245646991,-1.3049984268865054,-1.10798084319002,-1.016395272373206,43
-0.8873804539949853,0.08539569192365273,-0.36739234722290154,-0.6984231045639204,-1.213802904425283,-1.042538168284621,-0.6682507620172181,89
0.056154589257924464,-0.6060007535305033,3.797543966243911,4.9048093837277715,1.6892545605903024,0.06998730510716339,2.2716362143222355,247
1.198328588985131,-1.9887936444388155,0.08279988387875777,0.8925568388729396,-0.33224618730013117,1.0516274286881495,-0.2427408049154552,127
0.3210065312236538,-0.21091707041384272,-0.233124488824161,-0.6785358552709597,1.6436567993596911,-0.9770954933792223,1.9234917039662471,100
-0.3245700773178106,0.5792502958194785,-0.8597078280182832,-1.0381636133186667,-1.2897991731429683,-0.846210143568424,-1.171126165864756,44
-1.268105120570721,0.8755630581569739,0.37766263173481535,1.270414575439194,-0.7882237996062441,1.2479554534043467,-0.12669263479679244,151
0.40377276308794413,-0.408458911972173,1.3175376405259989,0.8328950909940575,0.7772993359780768,-0.7153247937576257,1.4979817468644847,172
-1.052912917723566,1.2706467412736344,-0.14624528633085843,-0.2890772232838115,-0.6362312621708731,1.0516274286881495,-0.590885315271443,106
-1.3177648596892948,0.4804793750403133,-0.8439116093831374,-0.43823159298101727,-0.45384021724842805,0.789856729066553,-0.6295680386443305,54
-1.4998505697907338,1.4681885828319647,0.34343749135866575,0.5876190163808749,-0.955415590785152,0.26631532982336054,0.028038258694757883,149
1.8604584438994538,-1.1986262782054942,0.44348020938125676,0.08712324250802919,0.1845284399801302,-0.5189967690414286,-0.0106444646781297,154
1.628712994679441,-2.0875645652179804,0.8936724404829159,0.4450937297813229,-0.08905812740353768,0.13542998001256223,-0.16537535816968002,163
1.1155623571208406,-1.1986262782054942,-0.6411934702320977,-0.7696857478636965,-0.028261112429389234,-0.9770954933792223,-0.5135198685256678,63
0.8010506760365376,-1.0010844366471638,2.9129557226757385,3.4911574131531444,1.6436567993596911,0.06998730510716339,1.2272026832542715,205
1.0990091107479836,-1.099855357426329,-0.601702923644233,-0.8939810559447012,-0.28664842606952007,0.6589713792557548,-0.6682507620172181,70
0.7513909369179638,-1.1986262782054942,0.20916963295992522,0.28931027698646355,0.38211873864611257,-0.3881114192306303,-0.3974716984070051,138
0.023048096512208446,-0.21091707041384272,-0.21206286397729984,-0.4067434482671628,-0.6818290234014845,0.13542998001256223,-0.9003471022545434,100
-1.61572329440074,1.56695950361113,-0.7412361882546887,-0.5741277964829157,-0.3474454410436682,1.640611502836741,-0.6295680386443305,497
0.38721951671508587,-0.21091707041384272,-0.5648450801622258,0.09375232560568286,1.1116829183358927,-1.6315222424332128,1.0337890663898341,71
0.9334766470194028,-0.9023135158679987,-0.28841125404717183,-0.579099608806156,1.8716456055127475,-0.846210143568424,2.0782225974577977,500
-0.8873804539949853,1.8632722659486254,-0.8123191721128454,-0.30067811870470534,-0.7426260383756329,0.6589713792557548,-0.7842989321358806,59
0.7679441832908221,-0.11214614963467756,-0.27261503541202586,-0.06534566873800306,1.734852321820914,-0.06089804470363489,2.19427076757646,97
-0.5232090337921079,0.974333978936139,-0.8913002652885751,-0.5741277964829157,-1.0314118595028376,-0.32266874432523146,-0.3587889750341175,499
1.0659026180022668,-0.8035425950888336,-0.6991129385609662,-1.0497645087395604,-0.40824245601781667,-0.846210143568424,-0.6295680386443305,60
-0.9866999322321334,0.8755630581569739,-0.8044210627952725,-0.9619291576956505,-1.22900215816882,0.0045446302017639545,-0.3587889750341175,53
-0.4404428019278176,0.18416661270281787,-0.8649732342299986,-0.20455641378872844,-0.6210320084273361,0.3317580047287594,-1.093760719118981,59
0.6024117195622408,-0.11214614963467756,-0.28314584783545643,-0.5741277964829157,1.917243366743359,0.5280860294449571,1.3819335767458218,496
-0.39078306280924324,0.3817084542611482,-0.7570324068898346,-1.0630226749348675,-0.4994379784790392,1.7060541777421399,-0.6682507620172181,55
-1.1025726568421403,0.8755630581569739,-0.7175418603019698,-0.5161233193784468,-0.11945663489061176,1.8369395275529388,-0.2040580815425676,55
-0.7549544830121206,0.7767921373778087,-0.8860348590768597,-0.3984570943950958,-0.8034230533497811,-0.7153247937576257,-0.9777125490003183,57
1.7942454584080216,-1.1986262782054942,-0.7333380789371158,-0.2111854968863821,-0.2258514110953716,-0.6498821188522269,-0.2427408049154552,62
-0.10937787447065622,0.8755630581569739,1.3412319684787175,1.2985881786042217,1.7500515755644512,-0.5844394439468275,1.5753471936102599,170
0.4534325022065185,-0.408458911972173,-0.27788044162374126,-0.2890772232838115,1.278874709514801,-0.5189967690414286,2.3876843844408984,93
1.4631805309508603,-1.4949390405429897,-0.6885821261375356,-0.8508920158099529,0.1845284399801302,-1.10798084319002,-0.43615442177989266,57
1.0824558643751252,-0.5072298327513381,-0.6991129385609662,-0.19129824759342132,-0.21065215735183457,-0.1917833945144332,0.3375000456778581,61
-0.8873804539949853,1.2706467412736344,-0.754399703783977,-1.0199336348001193,-0.8490208145803925,0.789856729066553,-0.12669263479679244,54
0.5030922413250928,-0.408458911972173,0.6988524106494496,1.1063447687722678,0.458115007363798,-0.6498821188522269,1.2272026832542715,159
0.8838169079008279,-1.4949390405429897,0.3671318193113846,0.09043778405685603,0.26052470869781563,-1.3697515428116165,0.06672098206764546,152
-1.2018921350792884,1.2706467412736344,-0.7412361882546887,-1.0630226749348675,-0.14985514237768613,1.2479554534043467,-0.04932718805101728,57
-1.3508713524350113,0.974333978936139,-0.7175418603019698,-0.9453564499515165,-0.33224618730013117,1.640611502836741,0.10540370544053304,60
0.8010506760365376,-1.0010844366471638,-0.6806840168199626,-1.0514217795139738,0.29092321618488975,-1.2388661930008182,0.530913662542296,60
0.9003701542736862,-0.013375228855512416,0.7120159261787378,0.17330132277752583,0.3213217236719638,0.20087265491796166,0.530913662542296,161
0.006494850139350731,-0.7047716743096685,1.4044168430193014,1.7046195183355037,0.3213217236719638,-0.9116528184738228,0.3375000456778581,168
-1.119125903214998,1.4681885828319647,-0.8149518752187032,-0.9536428038235835,-0.40824245601781667,0.20087265491796166,-0.3974716984070051,50
-1.1025726568421403,0.7767921373778087,-0.8254826876421337,-1.1409144013322972,-0.6210320084273361,0.4626433545395576,-0.5522025918985554,48
-1.086019410469282,0.974333978936139,-0.8017883596894149,-0.6122450242944238,-1.0314118595028376,0.13542998001256223,-0.47483714515278025,55
-0.9204869467407013,0.4804793750403133,0.3539683037820963,0.47658187449517725,-0.5450357397096506,0.9207420788773514,-0.2427408049154552,151
-0.7880609757578366,0.5792502958194785,0.39082614726410364,-0.18798370604459447,-0.5602349934531876,0.3317580047287594,-0.8229816555087682,154
-1.3839778451807274,0.6780212165986436,-0.06726419315512873,-0.2857626817349849,-0.8338215608368554,0.789856729066553,-0.590885315271443,113
0.5858584731893831,-0.408458911972173,-0.2989420664706024,-0.6288177320385578,1.765250829307988,-0.6498821188522269,2.232953490949348,92
0.5030922413250928,-0.6060007535305033,-0.6227645484910942,-0.8127747879984448,-0.45384021724842805,-1.8278502671494101,-0.12669263479679244,64
-0.9866999322321334,1.073104899715304,-0.08569311489613221,-0.5575550887387818,-0.6818290234014845,0.7244140541611542,-0.3201062516612299,114
1.5790532555608672,-1.4949390405429897,-0.27524773851788353,-0.6122450242944238,2.1148336654093414,-0.45355409413602915,1.9621744273391348,95
0.006494850139350731,-0.3096879911930079,-0.48323128388063835,-0.24930272469789017,1.0052881421311333,-0.9116528184738228,0.6856445560338459,79
-0.622528512029256,0.3817084542611482,0.6593618640615847,0.4600091667510433,-1.107408128220523,0.8552994039719525,-0.2814235282883428,157
-0.09282462809779791,0.3817084542611482,-0.7965229534776994,-0.22775820463051608,-0.8490208145803925,-0.9770954933792223,-1.4032225061020813,59
0.7182844441722472,-0.6060007535305033,2.910323019569881,1.7460512876958385,1.4916642619243201,-0.9770954933792223,1.5366644702373722,207
-0.34112332369066894,0.7767921373778087,1.3254357498435716,0.5693890378623276,1.3700702319760238,-0.7153247937576257,1.1498372365084963,170
0.10581432837649879,-0.7047716743096685,2.9366500506284576,2.4321613883029847,1.7804500830515253,-1.5006368926224147,1.3045681300000467,202
1.0162428788836932,-0.9023135158679987,1.7782606840510886,1.944923780625446,2.297224710331786,-0.257226069419832,1.4979817468644847,179
0.8838169079008279,-1.099855357426329,1.8862015113912525,1.9233792605580722,2.7228038151508254,-1.3697515428116165,1.9234917039662471,178
1.1155623571208406,-1.2973971989846593,3.7633188258677617,3.338688501907112,1.917243366743359,0.13542998001256223,2.0008571507120223,236
1.0990091107479836,-1.3961681197638245,-0.5332526428919339,-0.04380114867062896,0.26052470869781563,0.26631532982336054,-0.0106444646781297,72
0.9003701542736862,-1.3961681197638245,3.797543966243911,3.7745507155778357,2.06923590417873,-0.3881114192306303,2.1555880442035726,233
0.3210065312236538,0.18416661270281787,0.6751580826967305,0.40366196042098795,0.24532545495427835,-0.5844394439468275,0.6469618326609587,159
-0.3245700773178106,-0.21091707041384272,-0.47796587766892307,0.05066328547093466,-0.8338215608368554,-0.9770954933792223,-1.4805879528478565,78
-0.903933700367843,1.2706467412736344,-0.046202568308267356,-0.3454244296138671,-0.3626446947872055,1.0516274286881495,-0.3587889750341175,115
-1.5826168016550242,1.3694176620527996,-0.12781636458985474,0.2230194460099277,-0.2258514110953716,2.0332675522691352,-0.6295680386443305,105
-0.655635004774972,-0.013375228855512416,0.47770534975740625,1.2753863877624345,-0.7426260383756329,-0.7153247937576257,-0.9003471022545434,155
0.9665831397651182,-0.9023135158679987,-0.7175418603019698,-0.458118842273978,-0.028261112429389234,-0.5189967690414286,-0.2814235282883428,55
-0.655635004774972,1.073104899715304,-0.8728713435475715,-0.6371040859106248,-0.940216337041615,-1.3043088679062176,-0.590885315271443,45
-0.7052947438935463,0.18416661270281787,-0.05410067762584044,-0.32222263877207946,-0.6818290234014845,0.26631532982336054,-0.8616643788816558,114
-0.04316488897922359,0.18416661270281787,-0.6517242826555284,-0.03717206557297552,-0.3626446947872055,-1.4351942177170156,0.18276915218630777,70
0.9169234006465445,-0.9023135158679987,-0.051467974519982744,-0.2758190570885044,2.28202545658825,-0.9116528184738228,1.5753471936102599,115
-0.5232090337921079,0.6780212165986436,3.007733034486614,2.738756481569463,1.3852694857195607,0.06998730510716339,1.1498372365084963,499
0.9831363861379765,-2.2851064067763107,3.760686122761903,4.309849175713362,2.0236381429481187,-1.3043088679062176,2.0782225974577977,238
1.0990091107479836,-1.0010844366471638,-0.754399703783977,-0.9834736777630246,-0.16505439612122316,-1.3043088679062176,-0.5135198685256678,56
1.1486688498665572,-1.4949390405429897,-0.4490061435044888,0.11198230412423013,-1.092208874476986,-1.6315222424332128,-0.43615442177989266,82
0.8507104151551125,-0.21091707041384272,-0.8412789062772796,-1.0447926964163203,-0.925017083298078,-0.257226069419832,-1.016395272373206,44
-1.4170843379264435,1.2706467412736344,0.6356675361088656,0.2644512153702626,-0.31704693355659413,-0.3881114192306303,-0.08800991142390487,156
-0.12593112084351393,-0.408458911972173,-0.7465015944664041,-0.985130948537438,-0.33224618730013117,2.360480926796131,-0.6682507620172181,55
-0.09282462809779791,0.18416661270281787,-0.5516815646329375,-0.23770182927699635,-1.7001790242184698,-0.7807674686630246,-1.4419052294749688,70
-1.3508713524350113,1.4681885828319647,-0.8044210627952725,-0.9785018654397845,-0.33224618730013117,1.2479554534043467,-0.04932718805101728,49
1.0493493716294087,-1.2973971989846593,-0.6043356267500906,-0.8939810559447012,0.27572396244135244,-1.5660795675278136,0.3375000456778581,69
-1.797809004502179,2.0608141075069555,-0.28841125404717183,0.05232055624534797,-0.3474454410436682,0.8552994039719525,-0.2040580815425676,68
-1.3839778451807274,1.073104899715304,0.3539683037820963,0.6969988874921591,-0.5298364859661135,2.229595576985333,-0.3201062516612299,154
-1.2018921350792884,0.7767921373778087,0.6198713174737198,0.9472467744285819,-0.8642200683239296,0.9861847537827502,-0.47483714515278025,156
0.1223675747493571,-0.3096879911930079,-0.34369801927018256,-0.7249394369545348,0.8684948584392995,-1.6315222424332128,1.459299023491597,87
-1.3177648596892948,2.0608141075069555,-0.822849984536276,-0.37194076200448134,-1.3201976806300424,1.7060541777421399,-0.9777125490003183,53
-0.29146358457209465,-1.2973971989846593,-0.5306199397860762,-0.8210611418705118,-1.3353969343735794,-0.5189967690414286,-0.7456162087629931,72
-1.2018921350792884,0.974333978936139,-0.7043783447726815,-0.9453564499515165,-0.7122275308885586,0.4626433545395576,0.028038258694757883,59
1.1486688498665572,-1.1986262782054942,-0.5727431894797986,-0.42165888523688333,0.914092619669911,-0.5844394439468275,0.6082791092880712,72
1.0824558643751252,-0.013375228855512416,0.8910397373770584,0.8925568388729396,-0.33224618730013117,-0.7807674686630246,0.028038258694757883,162
0.4699857485793762,-0.6060007535305033,-0.601702923644233,-0.872436535877327,0.4277164998767234,-0.5189967690414286,0.26013459893208296,67
0.5527519804436665,-0.9023135158679987,0.12492313357248032,0.7964351339569629,-0.3018476798130571,-1.042538168284621,-0.6682507620172181,134
-0.5232090337921079,1.073104899715304,-0.42004640934005466,-0.6188741073920775,1.5372620231549317,-0.9116528184738228,1.652712640356035,79
0.5030922413250928,-1.099855357426329,-0.8491770155948526,-0.603958670422357,-1.350596188117117,0.26631532982336054,-1.6353188463394068,50
-1.8805752363664694,1.56695950361113,-0.08042770868441701,-0.08523291803096386,-0.6818290234014845,0.20087265491796166,-0.16537535816968002,110
-1.1687856423335723,0.8755630581569739,-0.7096437509843969,-0.3271944510953198,-0.3018476798130571,0.4626433545395576,-0.7842989321358806,61
-1.01980642497785,0.974333978936139,-0.19100123913043845,-0.6685922306244794,-0.5754342471967246,1.575168827931342,-0.5522025918985554,99
1.446627284578002,-1.8900227236596503,-0.6517242826555284,-0.11506379197040495,-0.3474454410436682,-0.5844394439468275,-0.16537535816968002,57
-1.086019410469282,1.2706467412736344,-0.20153205155386905,-0.4879497162134192,-0.3018476798130571,1.2479554534043467,-0.43615442177989266,98
1.562500009188009,-1.69248088210132,-0.914994593241294,-1.270181521736542,-1.4873894718089504,-1.042538168284621,-0.7842989321358806,35
-1.0032531786049916,0.3817084542611482,-0.18573583291872325,0.17495859355193938,-0.6362312621708731,2.0332675522691352,-1.4419052294749688,103
1.2479883281037059,-1.8900227236596503,-0.7201745634078275,-1.0497645087395604,0.8076978434651508,-0.12634071960903376,-0.3587889750341175,55
0.5693052268165248,-0.3096879911930079,-0.19363394223629615,-0.5277242147993406,1.856446351769211,-0.9770954933792223,1.9234917039662471,497
0.7679441832908221,-0.7047716743096685,-0.28841125404717183,0.16335769813104556,-0.6514305159144101,-0.45355409413602915,-0.2040580815425676,124
-0.14248436721637223,0.08539569192365273,-0.570110486373941,-0.05374477331710948,-1.0162126057593006,-0.6498821188522269,-0.9777125490003183,64
1.2645415744765642,-0.9023135158679987,-0.6833167199258203,-0.15318101978191323,0.16932918623659285,-0.5189967690414286,-0.6295680386443305,62
1.3969675454594284,-1.5937099613221548,-0.2357571919300187,-0.5509260056411281,1.856446351769211,-0.32266874432523146,1.5753471936102599,99
0.9003701542736862,-1.69248088210132,1.8493436679092452,1.9233792605580722,2.221228441614101,-1.9587356169602081,1.9621744273391348,179
1.81079870478088,-2.2851064067763107,-0.7149091571961121,-0.12335014584247192,0.10853217126244469,-1.042538168284621,-0.3587889750341175,64
-0.34112332369066894,0.28293753348198303,0.7304448479197411,1.084800248704894,-0.40824245601781667,0.9861847537827502,-0.7069334853901055,500
0.8341571687822542,-1.69248088210132,-0.5227218304685032,-0.792887538705484,0.5797090373120943,-0.12634071960903376,0.37618276905074566,71
0.7844974296636793,-1.2973971989846593,0.7041178168611646,0.2180476336866876,-0.3018476798130571,-0.45355409413602915,0.763010002779621,154
-1.086019410469282,0.6780212165986436,0.38556074105238825,0.9886785437889167,-0.6818290234014845,1.5097261530259434,-0.7069334853901055,152
1.0659026180022668,-0.8035425950888336,0.11439232114904972,-0.3338235341929733,0.5189120223379462,0.5935287043503559,-0.6682507620172181,126
1.2645415744765642,-1.69248088210132,0.8568145970009089,0.20478946749138044,-0.5602349934531876,1.2479554534043467,-0.3587889750341175,156
1.3473078063408546,-0.8035425950888336,0.056472852820181205,-0.12335014584247192,-0.40824245601781667,0.20087265491796166,-0.2427408049154552,123
-0.5563155265378239,0.8755630581569739,-0.5385180491036492,-0.8144320587728582,-1.1226073819640603,0.0045446302017639545,-1.3258570593563064,73
-0.14248436721637223,-0.408458911972173,-0.8913002652885751,-0.24598818314906332,-1.2745999193994313,-0.7153247937576257,-1.4032225061020813,63
1.6121597483065826,-0.9023135158679987,1.3570281871138636,0.9489040452029951,0.1541299324930561,-1.2388661930008182,0.37618276905074566,168
-0.6721882511478303,1.1718758204944693,-0.7122764540902544,-0.25924634934437046,-0.5298364859661135,0.789856729066553,-0.6295680386443305,59
-0.3080168309449529,0.18416661270281787,0.08279988387875777,0.3025684431817707,-1.2745999193994313,-0.12634071960903376,-1.2098088892376437,127
1.7942454584080216,-2.6801900898929714,1.8493436679092452,0.9439322328797553,1.400468739463098,-0.06089804470363489,1.8461262572204729,179
-0.903933700367843,0.7767921373778087,-0.35422883169361324,-0.44320340530425745,1.309273217001875,-1.4351942177170156,1.3819335767458218,86
-1.4170843379264435,1.2706467412736344,-0.76229781310155,-0.09683381345185768,-0.6362312621708731,0.5280860294449571,-0.6682507620172181,61
-1.334318106062153,1.1718758204944693,-0.6806840168199626,-0.18632643527018117,-0.438640963504891,0.3972006796341588,-0.2427408049154552,59
-0.22525059908066258,0.28293753348198303,1.3122722343142834,1.2306400768532726,0.6253067985427058,-0.1917833945144332,0.06672098206764546,169
0.08926108200364108,0.8755630581569739,2.9313846444167417,3.090097885745103,1.3852694857195607,-0.1917833945144332,1.2658854066271592,207
1.1486688498665572,-1.0010844366471638,-0.5832740019032293,-0.7481412277963223,-0.04346036617292628,-0.9770954933792223,0.10540370544053304,68
-0.374229816436385,0.7767921373778087,-0.027773646567263874,0.3340565878956253,-0.45384021724842805,0.3317580047287594,0.26013459893208296,112
-0.804614222130695,0.8755630581569739,-0.7675632193132653,-0.5824141503549827,-0.8794193220674666,1.9678248773637363,0.06672098206764546,500
0.056154589257924464,0.08539569192365273,-0.28577855094131416,0.24290669530288853,2.06923590417873,0.8552994039719525,1.6140299169831474,91
-1.268105120570721,1.4681885828319647,-0.8044210627952725,-0.5061796947319666,-0.6666297696579475,1.4442834781205445,-0.590885315271443,53
-1.9633414682307597,2.455897790623616,-0.7754613286308383,-0.3653116789068279,-0.9098178295545409,0.5935287043503559,-0.6295680386443305,59
-0.5563155265378239,0.28293753348198303,-0.9492197336174436,-1.0878817365510685,-1.2897991731429683,-0.846210143568424,-0.9003471022545434,27
0.22168705298650515,-0.11214614963467756,-0.8149518752187032,-0.6354468151362114,-1.1226073819640603,0.20087265491796166,-1.2484916126105312,50
-0.5232090337921079,0.5792502958194785,-0.7991556565835571,-0.9901027608606782,-0.5754342471967246,0.9861847537827502,-0.9003471022545434,51
-0.7880609757578366,1.1718758204944693,-0.7807267348425536,-1.067994487258108,-1.092208874476986,0.3972006796341588,-0.2427408049154552,53
-0.7880609757578366,0.5792502958194785,-0.040937162096552154,0.41029104351864143,-0.925017083298078,0.789856729066553,-0.16537535816968002,114
0.43687925583366016,0.08539569192365273,-0.26208422298859524,-0.5144660486040336,2.3580217253059352,-0.7153247937576257,2.0395398740849098,94
0.95002989339226,-1.2973971989846593,-0.7043783447726815,-0.3669689496812412,0.10853217126244469,-0.1917833945144332,-0.5522025918985554,59
0.42032600946080245,-0.9023135158679987,-0.6411934702320977,-0.9370700960794496,0.0629344100318333,-0.846210143568424,0.4922309391694084,64
-1.301211613316437,1.7645013451694602,0.6804234889084458,0.8362096325428845,0.04773515628829598,0.8552994039719525,-0.9390298256274308,159
1.4797337773237187,-1.1986262782054942,-0.6675205012906743,-0.18466916449576762,-0.14985514237768613,0.5280860294449571,-0.08800991142390487,62
-1.549510308909308,1.3694176620527996,-0.28841125404717183,-0.4001143651695091,-0.4690394709919651,0.9207420788773514,-1.0550779957460936,100
1.7942454584080216,-1.5937099613221548,0.954224611917642,1.6366714165845546,-0.16505439612122316,-0.6498821188522269,0.14408642881342063,162
-0.8211674685035527,1.1718758204944693,-0.7043783447726815,-0.07528929338448358,-0.605832754683799,1.0516274286881495,-0.43615442177989266,68
1.2976480672222797,-1.3961681197638245,0.27761991371222433,0.33737112944445213,-0.04346036617292628,-0.5844394439468275,-0.43615442177989266,142
0.6355182123079569,-0.6060007535305033,0.19074071121892172,0.16998678122869898,0.41251724613318663,-1.2388661930008182,-0.3201062516612299,137
-1.4667440770450177,1.2706467412736344,-0.7596651099956923,-0.9884454900862647,-0.08905812740353768,0.13542998001256223,-0.3587889750341175,55
-1.2349986278250045,1.073104899715304,-0.2225936764007304,-0.6851649383686133,-0.5298364859661135,1.182512778498948,-0.3201062516612299,96
-1.052912917723566,1.1718758204944693,-0.11202014595470877,-0.1515237490074997,-0.7882237996062441,1.7714968526475399,-0.43615442177989266,105
0.7844974296636793,-0.6060007535305033,-0.6174991422793789,-0.7680284770892831,-0.4690394709919651,-1.893292942054809,0.06672098206764546,67
1.3473078063408546,-0.5072298327513381,3.7685842320794767,4.608157915107773,1.582859784385543,-1.4351942177170156,1.3045681300000467,237
0.5030922413250928,-1.0010844366471638,-0.29104395715302944,-0.5210951317016871,1.9020441129998222,-0.32266874432523146,2.232953490949348,92
-0.837720714876411,0.4804793750403133,-0.0883258180019899,0.26776575691908944,0.03253590254475921,1.9678248773637363,-0.2040580815425676,111
-0.2086973527078043,0.7767921373778087,-0.39898478449319336,-0.603958670422357,-0.7730245458627071,-0.7153247937576257,-0.8616643788816558,82
1.1486688498665572,-1.0010844366471638,0.2670891012887937,0.7351161153036669,-0.14985514237768613,-0.32266874432523146,0.530913662542296,143
-0.07627138172493961,-0.408458911972173,-0.7991556565835571,-1.1094262566184427,0.3973179923896493,0.8552994039719525,-0.0106444646781297,48
0.38721951671508587,-0.3096879911930079,-0.4463734403986312,-0.801173892577551,1.3548709782324866,-0.3881114192306303,1.5753471936102599,83
-1.1522323959607141,0.4804793750403133,-0.156776098754289,-0.18964097681900777,-1.1530058894511344,0.789856729066553,-0.47483714515278025,103
-1.086019410469282,0.4804793750403133,-0.7807267348425536,-0.8641501820052601,-0.5450357397096506,1.182512778498948,-0.6295680386443305,55
0.5693052268165248,0.18416661270281787,-0.3226363944233213,0.09872413792892301,1.6892545605903024,-1.10798084319002,1.6140299169831474,86
-1.301211613316437,0.8755630581569739,-0.8439116093831374,-1.0911962780998954,-0.590633500940262,0.13542998001256223,-0.8229816555087682,45
1.6618194874251575,-0.9023135158679987,-0.8834021559710022,-0.4597761130483914,-1.107408128220523,-1.2388661930008182,-1.519270676220744,51
-1.1356791495878564,1.2706467412736344,-0.7965229534776994,-0.08357564725655056,-0.7274267846320956,0.5935287043503559,-0.6295680386443305,66
0.7348376905451055,-0.9023135158679987,1.8414455585916722,2.4520486375959454,2.206029187870564,-0.3881114192306303,2.890559788288436,178
0.42032600946080245,-0.013375228855512416,-0.3700250503287591,-0.3669689496812412,0.792498589721614,-0.846210143568424,0.6856445560338459,87
-0.6887414975206886,1.4681885828319647,-0.7517670006781193,-0.8442629327122994,-0.6666297696579475,0.4626433545395576,-0.590885315271443,52
0.7017311977993895,-0.3096879911930079,-0.7228072665136851,-0.42663069756012345,-0.28664842606952007,-0.7807674686630246,-0.2427408049154552,57
1.3969675454594284,-1.8900227236596503,-0.5121910180450726,-0.7265967077289482,0.6557053060297798,-0.32266874432523146,0.6856445560338459,73
1.1652220962394155,-1.4949390405429897,-0.28841125404717183,-0.5857286919038095,1.0356866496182073,-0.257226069419832,1.459299023491597,91
-0.9535934394864174,1.56695950361113,-0.07779500557855931,-0.06368839796358976,-0.14985514237768613,1.640611502836741,-0.590885315271443,108
0.23824029935936344,-0.5072298327513381,-0.5148237211509302,-0.7730002894125232,0.10853217126244469,-1.5006368926224147,-0.12669263479679244,71
-0.34112332369066894,-0.013375228855512416,0.7041178168611646,0.6373371396132768,0.33652097741550113,-0.9116528184738228,0.4922309391694084,156
0.42032600946080245,-0.3096879911930079,-0.6122337360676635,-0.30067811870470534,-0.45384021724842805,-1.5006368926224147,-0.9003471022545434,66
0.27134679210507945,-0.6060007535305033,0.885774331165343,0.5743608501855677,-0.11945663489061176,-0.06089804470363489,-0.8616643788816558,162
0.9831363861379765,-0.8035425950888336,0.15388286773691456,-0.2890772232838115,-0.5298364859661135,-0.846210143568424,-0.04932718805101728,134
0.8838169079008279,-1.099855357426329,-0.7675632193132653,-0.3537107834859341,-0.28664842606952007,-0.45355409413602915,-0.12669263479679244,58
0.7182844441722472,-0.3096879911930079,-0.7780940317366959,-1.0978253611975488,0.1541299324930561,0.3972006796341588,-0.3587889750341175,52
2.0094376612551774,-1.7912518028804851,-0.3700250503287591,-0.7166530830824678,-1.1834043969382086,-1.10798084319002,-0.5522025918985554,86
1.2645415744765642,-1.3961681197638245,0.40662236589924944,1.1842364951696978,0.30612246992842707,0.7244140541611542,0.06672098206764546,155
0.6520714586808152,-1.5937099613221548,-0.0962239273195628,-0.37194076200448134,2.449217247767158,-0.5844394439468275,1.6140299169831474,109
-1.119125903214998,1.4681885828319647,-0.7122764540902544,-0.2758190570885044,-0.05865961991646359,0.4626433545395576,-1.1324434424918688,55
1.8273519511537382,-1.7912518028804851,0.8383856752599053,0.3804601695792003,0.0629344100318333,-0.5189967690414286,-0.7842989321358806,162
-1.4501908306721594,1.7645013451694602,0.5277267087687016,0.41194831429305495,-0.438640963504891,0.6589713792557548,-0.3587889750341175,151
0.9996896325108349,-1.1986262782054942,-0.76229781310155,-1.0431354256419068,-0.25624991858244567,-0.45355409413602915,0.06672098206764546,56
0.5693052268165248,-0.5072298327513381,-0.5306199397860762,-0.29073449405822505,-1.8217730541667667,-0.6498821188522269,-0.7456162087629931,72
-1.6984895262650304,1.8632722659486254,-0.14887798943671593,0.06557872244065509,-1.0162126057593006,1.7060541777421399,-0.5135198685256678,104
0.7513909369179638,-0.7047716743096685,-0.654356985761386,-0.14323739513543274,0.6405060522862431,-0.32266874432523146,-0.12669263479679244,63
0.023048096512208446,0.28293753348198303,3.7238282792798967,3.6552272198200706,1.7804500830515253,-1.3043088679062176,2.19427076757646,231
-1.9136817291121855,1.665730424390295,-0.8360135000655643,-1.018276364025706,-0.6514305159144101,1.9678248773637363,-0.2040580815425676,45
1.0493493716294087,-0.21091707041384272,0.1354539459959109,-0.3172508264488393,-0.10425738114707472,-0.846210143568424,-0.08800991142390487,132
-1.301211613316437,1.1718758204944693,-0.8202172814304184,-1.160801650625258,-0.6666297696579475,-0.257226069419832,-0.7842989321358806,49
-0.9370401931135597,0.08539569192365273,-0.043569865202409665,-0.15318101978191323,0.19972769372366694,0.4626433545395576,-0.04932718805101728,115
1.38041429908657,-0.8035425950888336,0.0643709621377541,-0.3172508264488393,-0.24105066483890863,-1.8278502671494101,-0.7069334853901055,125
1.181775342612274,-1.1986262782054942,0.8673454094243394,0.6406516811621036,-0.4842387247355021,-0.5189967690414286,-0.16537535816968002,157
-1.4832973234178755,1.2706467412736344,0.340804788252808,0.14512771961249804,-0.5298364859661135,0.4626433545395576,-0.7456162087629931,153
-0.14248436721637223,0.08539569192365273,-0.2410225981417339,-0.43491705143219045,-1.3049984268865054,-0.06089804470363489,-0.8229816555087682,98
-1.367424598807869,0.7767921373778087,-0.8465443124889949,-0.16312464442839353,-0.590633500940262,-0.257226069419832,-0.3587889750341175,60
-1.119125903214998,0.3817084542611482,-0.8017883596894149,-0.9221546591097288,-0.438640963504891,1.182512778498948,-0.5522025918985554,51
0.8838169079008279,-0.8035425950888336,-0.6332953609145248,-0.2758190570885044,-0.4234417097613537,-1.5006368926224147,-0.6682507620172181,65
1.3307545599679962,-1.4949390405429897,0.8541818938950511,0.40034741887216113,0.0629344100318333,-0.5189967690414286,-0.2814235282883428,159
0.48653899495223446,-0.5072298327513381,2.8813632854054467,2.889568122041082,1.6284575456161543,-0.9770954933792223,1.3432508533729344,204
0.4699857485793762,-0.21091707041384272,0.11965772736076492,0.2942820893097037,-0.31704693355659413,-1.1734235180954193,-0.16537535816968002,128
-1.7812557581293207,1.2706467412736344,0.6119732081561465,-0.07197475183565674,-0.3018476798130571,0.13542998001256223,-0.12669263479679244,155
-1.1853388887064307,1.1718758204944693,-0.7465015944664041,-1.0663372164836944,-0.31704693355659413,1.8369395275529388,-0.9003471022545434,59
0.5693052268165248,-0.5072298327513381,-0.6253972515969518,-0.4282879683345369,0.6557053060297798,0.5280860294449571,0.530913662542296,65
-0.5232090337921079,-0.6060007535305033,-0.6964802354551086,-0.8707792651029137,0.0021373950576851204,1.8369395275529388,0.028038258694757883,59
-0.39078306280924324,0.3817084542611482,1.4149476554427318,1.416254403587573,1.2332769482841897,-0.5189967690414286,1.3432508533729344,170
-1.119125903214998,0.5792502958194785,-0.18047042670700789,0.5080700192090318,-0.11945663489061176,1.3133981283097456,-0.2814235282883428,100
0.18858056024078915,0.28293753348198303,0.7172813323904529,0.5395581639228865,-0.3018476798130571,-1.042538168284621,0.3375000456778581,155
0.8341571687822542,-0.6060007535305033,-0.654356985761386,-0.8890092436214609,-0.07385887366000063,-0.1917833945144332,0.10540370544053304,64
-0.655635004774972,-0.3096879911930079,-0.8676059373358562,-1.1558298383020176,-1.365795441860654,-0.9770954933792223,-1.093760719118981,42
0.8010506760365376,-0.11214614963467756,3.6896031389037467,3.9353059806959347,1.6892545605903024,-1.10798084319002,1.7300780871018102,232
0.9003701542736862,-1.3961681197638245,0.9226321746473504,1.1312038303884686,0.36691948490257525,-0.5189967690414286,-0.43615442177989266,161
-0.22525059908066258,0.28293753348198303,-0.7728286255249806,-0.1382655828121926,-0.27144917232598276,1.1170701035935484,-0.2814235282883428,64
-1.2349986278250045,0.974333978936139,0.793629722460325,0.6870552628456789,-0.3474454410436682,1.0516274286881495,0.06672098206764546,159
-0.9866999322321334,0.18416661270281787,-0.8333807969597067,-1.0895390073254818,-1.0314118595028376,1.0516274286881495,-0.6682507620172181,49
0.8838169079008279,0.28293753348198303,1.791424199580377,2.0261300485717024,1.9932396354610444,-1.6315222424332128,1.9234917039662471,178
0.9831363861379765,-0.5072298327513381,-0.156776098754289,0.5677317670879141,2.3276232178188603,-0.9116528184738228,1.459299023491597,106
0.13892082112221482,0.28293753348198303,1.8098531213213802,1.3648790095807575,1.8108485905385994,-2.744047715824997,2.3876843844408984,176
0.7017311977993895,-0.9023135158679987,0.39609155347581887,0.48818276991607107,-0.25624991858244567,-1.3043088679062176,-0.04932718805101728,150
0.9996896325108349,-0.11214614963467756,0.8331202690481899,1.0649129994119328,-0.4842387247355021,-0.5189967690414286,0.06672098206764546,161
1.0493493716294087,-0.5072298327513381,-0.8728713435475715,-1.0547363210628005,-1.548186486783099,-0.9770954933792223,-1.0550779957460936,38
-0.7715077293849789,0.28293753348198303,-0.033039052778979075,-0.22112912153286238,-0.14985514237768613,1.5097261530259434,-0.5135198685256678,115
1.3473078063408546,-1.099855357426329,0.09596339940804606,0.7251724906571867,0.6405060522862431,-0.846210143568424,-0.2814235282883428,129
1.446627284578002,-0.3096879911930079,0.21970044538335598,0.504755477660205,0.16932918623659285,0.0045446302017639545,0.14408642881342063,144
-1.6322765407735984,1.4681885828319647,-0.7833594379484111,-0.9950745731839185,-0.3018476798130571,1.5097261530259434,-0.5522025918985554,51
1.0659026180022668,-1.099855357426329,0.9015705498004888,0.23627761220523483,-0.7122275308885586,-0.7153247937576257,0.14408642881342063,163
-1.086019410469282,0.8755630581569739,-0.6991129385609662,-0.9304410129817958,-0.14985514237768613,0.9207420788773514,-0.12669263479679244,60
-0.7715077293849789,-0.21091707041384272,-0.8070537659011301,-1.0911962780998954,-0.590633500940262,0.3972006796341588,-0.7456162087629931,54
0.48653899495223446,-0.11214614963467756,-0.42531181555176995,-0.5592123595131951,0.7165023210039285,-1.042538168284621,-0.12669263479679244,81
-0.07627138172493961,-1.0010844366471638,-0.9386889211940128,-1.1922897953391127,-1.1682051431946714,-0.32266874432523146,-0.6295680386443305,31
-0.09282462809779791,0.3817084542611482,0.6567291609557269,1.0085657930818772,0.6557053060297798,-1.10798084319002,0.4535482157965208,157
0.3706662703422281,0.28293753348198303,3.8501980283610644,3.701630801503646,2.3276232178188603,-0.12634071960903376,1.9234917039662471,238
1.2645415744765642,-0.013375228855512416,0.8989378466946313,0.3804601695792003,-0.10425738114707472,-0.5189967690414286,-0.0106444646781297,161
-1.2349986278250045,1.073104899715304,-0.7833594379484111,-0.4796633623413522,-0.4690394709919651,0.06998730510716339,-0.8229816555087682,55
-1.367424598807869,-0.408458911972173,-0.822849984536276,-0.2874199525093982,-1.1378066357075973,0.3317580047287594,0.22145187555919535,58
0.22168705298650515,-0.6060007535305033,2.949813566157746,2.886253580492255,1.734852321820914,-0.06089804470363489,1.3045681300000467,204
-0.903933700367843,1.073104899715304,-0.2436553012475916,0.4384646466836692,-0.27144917232598276,0.8552994039719525,-0.43615442177989266,97
-1.01980642497785,0.7767921373778087,0.41188777211096483,1.006908522307464,-0.4842387247355021,0.4626433545395576,-0.590885315271443,153
1.3473078063408546,-1.4949390405429897,1.33859926537286,0.6969988874921591,0.6557053060297798,-1.3043088679062176,0.14408642881342063,174
-0.5397622801649656,-0.013375228855512416,-0.41214830002248165,-0.010655733182361038,-1.7457767854490813,-1.3697515428116165,-1.4419052294749688,84
0.95002989339226,-1.099855357426329,1.4175803585485898,1.344991760287797,1.8108485905385994,-0.06089804470363489,1.1111545131356093,170
-0.2086973527078043,-0.6060007535305033,-0.5543142677387951,-0.8757510774261539,-1.2897991731429683,0.4626433545395576,-1.3258570593563064,69
-1.1687856423335723,2.5546687114027815,-0.7675632193132653,-0.23935910005140965,-0.3626446947872055,0.7244140541611542,-0.12669263479679244,58
-1.8474687436207535,2.159585028286121,-0.0172428341438331,-0.43657432220660386,-0.31704693355659413,-0.12634071960903376,-0.8229816555087682,119
-1.0032531786049916,1.665730424390295,-0.7149091571961121,-0.8856947020726342,-0.5450357397096506,0.20087265491796166,-0.590885315271443,57
0.6851779514265312,-0.3096879911930079,-0.8333807969597067,-1.1409144013322972,-0.7426260383756329,-0.5844394439468275,-1.1324434424918688,45
0.8010506760365376,-1.0010844366471638,-0.7175418603019698,-0.9022674098167682,-0.5754342471967246,-0.9770954933792223,-0.3201062516612299,57
0.5361987340708088,-0.3096879911930079,1.3017414218908527,1.3267617817692496,-0.16505439612122316,0.26631532982336054,0.3375000456778581,168
0.5361987340708088,-0.8035425950888336,1.0279402988816566,0.7069425121386395,0.3517202311590379,-0.7153247937576257,-0.0106444646781297,163
-0.2583570918263786,0.08539569192365273,1.3043741249967105,1.6482723120054485,1.734852321820914,-0.5844394439468275,1.4206163001187095,170
0.7348376905451055,0.28293753348198303,-0.3015747695764601,-0.42663069756012345,1.734852321820914,0.0045446302017639545,1.9234917039662471,94
1.198328588985131,-1.3961681197638245,0.432949396957826,0.9522185867518222,-0.028261112429389234,-0.257226069419832,0.4535482157965208,155
1.2645415744765642,-1.2973971989846593,1.79932230889795,1.0615984578631064,1.8412470980256734,-0.12634071960903376,1.9621744273391348,180
-1.4336375842993017,0.7767921373778087,-0.19363394223629615,-0.44320340530425745,-0.438640963504891,1.182512778498948,-0.43615442177989266,103
1.9266714293908869,-1.69248088210132,0.38819344415824597,-0.07197475183565674,-0.013061858685852192,0.8552994039719525,0.028038258694757883,153
0.8507104151551125,0.18416661270281787,-0.7017456416668238,-0.9884454900862647,-0.4234417097613537,-1.8278502671494101,-0.2427408049154552,64
0.6189649659350992,-0.5072298327513381,1.791424199580377,1.4477425483014272,0.458115007363798,-0.7807674686630246,0.6469618326609587,179
0.9003701542736862,-1.1986262782054942,0.39345885036996114,0.537900893148473,0.19972769372366694,-0.45355409413602915,-0.0106444646781297,150
0.5527519804436665,-0.3096879911930079,-0.42004640934005466,-0.554240547189955,0.8380963509522255,0.26631532982336054,0.5695963859151836,85
-0.407336309182101,-0.7047716743096685,2.9471808630518885,2.2382607076966177,1.1876791870535783,-0.7807674686630246,1.8074435338475854,202
-0.29146358457209465,0.3817084542611482,-0.36739234722290154,-0.8078029756752045,1.5372620231549317,0.13542998001256223,1.6140299169831474,85
-0.39078306280924324,0.4804793750403133,-0.42794451865762756,-0.587385962678223,1.430867246950172,0.13542998001256223,1.188519959881384,81
0.9003701542736862,-0.9023135158679987,0.48297075596912165,0.17827313510076598,0.13893067874951878,-0.32266874432523146,0.10540370544053304,155
0.10581432837649879,-0.408458911972173,2.9577116754753185,2.2780352062825386,1.4460665006937092,-0.9770954933792223,1.3819335767458218,205
1.1486688498665572,-0.5072298327513381,0.18020989879549112,0.10535322102657668,-0.5602349934531876,-1.5006368926224147,0.10540370544053304,134
0.42032600946080245,-0.8035425950888336,1.3491300777962905,1.9117783651371782,1.6740553068467658,-1.1734235180954193,0.8790581728982838,173
-0.39078306280924324,0.8755630581569739,-0.4621696590337771,-0.5824141503549827,-0.925017083298078,-0.12634071960903376,-1.093760719118981,494
-0.6721882511478303,-0.11214614963467756,-0.4042501907049087,-0.11506379197040495,1.6892545605903024,0.20087265491796166,1.459299023491597,83
-0.10937787447065622,-0.11214614963467756,-0.7938902503718419,-0.2973635771558785,-0.7426260383756329,0.9207420788773514,-0.9777125490003183,58
0.3210065312236538,-0.21091707041384272,-0.7254399696195427,-0.23935910005140965,-0.16505439612122316,0.20087265491796166,-0.3587889750341175,59
1.2810948208494213,-1.1986262782054942,-0.11991825527228185,0.24456396607730183,-0.5146372322225765,-0.9116528184738228,-1.093760719118981,105
-0.17559085996208826,0.3817084542611482,0.4619091311222603,0.09706686715450971,-0.6666297696579475,1.7060541777421399,-0.47483714515278025,151
0.8176039224093958,-0.21091707041384272,-0.7043783447726815,-0.5840714211293961,-0.5450357397096506,-2.0241782918656073,-0.3587889750341175,500
-0.9701466858592757,1.1718758204944693,-0.8202172814304184,-1.018276364025706,-0.8794193220674666,0.0045446302017639545,-0.7842989321358806,49
-1.0363596713507077,0.5792502958194785,-0.8254826876421337,-1.1309707766858166,-0.6970282771450216,1.9678248773637363,-0.3974716984070051,46
0.3375597775965121,-0.9023135158679987,-0.25155341056516467,-0.4846351746645923,1.9324426204868963,-0.5844394439468275,2.232953490949348,97
1.7114792265437313,-1.2973971989846593,-0.27261503541202586,-0.6619631475268257,2.403619486536546,-0.3881114192306303,1.8461262572204729,93
1.4962870236965768,-0.7047716743096685,-0.7649305162074076,-0.554240547189955,-0.4994379784790392,-0.06089804470363489,-0.16537535816968002,51
1.2148818353579893,-1.0010844366471638,-0.5437834553153645,-0.3354808049673868,0.5341112760814835,-0.9116528184738228,0.4922309391694084,71
-0.8873804539949853,0.3817084542611482,-0.8570751249124257,-1.1541725675276042,-0.6666297696579475,1.0516274286881495,-0.7069334853901055,41
-0.2418038454535203,0.7767921373778087,-0.7280726727254004,-0.22278639230727568,-0.3474454410436682,1.2479554534043467,-0.2814235282883428,57
-0.9701466858592757,1.073104899715304,0.45927642801640256,-0.09186200112861755,-0.940216337041615,-0.12634071960903376,-0.9003471022545434,155
-0.804614222130695,1.4681885828319647,-0.7886248441601266,-0.8856947020726342,-0.3474454410436682,0.13542998001256223,-0.6295680386443305,55
-0.2749103381992369,0.18416661270281787,-0.8175845783245608,-0.976844594665371,-0.5146372322225765,-1.5660795675278136,-1.1324434424918688,49
-1.5329570625364497,1.56695950361113,-0.1752050204952925,-0.3885134697486153,-0.6666297696579475,1.7060541777421399,-0.5135198685256678,103
1.430074038205145,-1.8900227236596503,-0.8597078280182832,-0.5608696302876086,-1.198603650681746,-0.846210143568424,-0.7456162087629931,53
-0.837720714876411,1.9620431867277905,-0.28841125404717183,-1.014961822476879,0.21492694746720425,1.3133981283097456,-0.6295680386443305,52
-0.07627138172493961,-0.3096879911930079,-0.8017883596894149,-0.4896069869878326,-1.046611113246375,-0.9770954933792223,-1.3258570593563064,51
0.5693052268165248,0.08539569192365273,0.5092977870276982,0.3025684431817707,0.21492694746720425,-1.9587356169602081,0.29881732230497055,152
1.2148818353579893,-0.3096879911930079,0.8673454094243394,0.6671680135527178,-0.4842387247355021,-0.9770954933792223,-0.47483714515278025,158
-1.3177648596892948,0.7767921373778087,-0.043569865202409665,0.2644512153702626,-0.6970282771450216,0.3972006796341588,-1.2098088892376437,115
-1.797809004502179,2.159585028286121,-0.6622550950789591,-0.8840374312982208,-0.940216337041615,1.7714968526475399,-1.093760719118981,59
-0.4404428019278176,-0.013375228855512416,-0.7359707820429734,-0.02391389937766816,-0.4994379784790392,1.3788408032151445,-1.1324434424918688,71
-0.07627138172493961,0.4804793750403133,0.024880415549889255,-0.3172508264488393,-0.39304320227427963,0.4626433545395576,-0.7456162087629931,120
-0.026611642606365876,0.28293753348198303,3.68697043579789,4.1424648274976095,2.06923590417873,-0.45355409413602915,1.8074435338475854,234
0.1223675747493571,-0.408458911972173,-0.35949423790532853,0.07220780553830876,1.3852694857195607,1.1170701035935484,1.459299023491597,87
-1.9136817291121855,1.56695950361113,-0.0883258180019899,0.46995279139752383,-0.6666297696579475,1.5097261530259434,-0.3974716984070051,107
-0.22525059908066258,-0.7047716743096685,-0.3779231596463321,-0.7862584556078305,2.0540366504351932,0.06998730510716339,1.3819335767458218,88
0.6024117195622408,-0.21091707041384272,0.11965772736076492,0.027461494629147026,-0.4842387247355021,0.5935287043503559,-0.04932718805101728,128
0.95002989339226,-0.408458911972173,-0.20416475465972675,-0.2741617863140911,2.3276232178188603,-0.32266874432523146,2.3876843844408984,98
0.039601342885066754,0.28293753348198303,-0.4463734403986312,0.16335769813104556,-1.1378066357075973,-0.32266874432523146,-0.8616643788816558,76
-1.8143622508750368,2.159585028286121,-0.28841125404717183,-0.8508920158099529,-0.5602349934531876,1.8369395275529388,-0.5135198685256678,64
0.056154589257924464,-0.5072298327513381,1.3596608902197211,0.9522185867518222,1.278874709514801,-0.9116528184738228,1.2272026832542715,171
-0.4404428019278176,0.4804793750403133,-0.8544424218065679,-0.2708472447652643,-0.8034230533497811,-0.45355409413602915,-0.8229816555087682,59
-1.367424598807869,1.073104899715304,-0.8544424218065679,-0.9967318439583317,-0.45384021724842805,1.2479554534043467,-0.3587889750341175,45
0.9169234006465445,-0.8035425950888336,1.3886206243841552,1.1875510367185242,1.4916642619243201,-1.1734235180954193,2.0008571507120223,170
0.7844974296636793,-1.0010844366471638,-0.8834021559710022,-0.49457879931107274,-0.5298364859661135,-0.9770954933792223,-1.2098088892376437,53
-0.19214410633494655,-0.21091707041384272,1.33859926537286,1.4560289021734942,1.3700702319760238,0.4626433545395576,0.956423619644059,172
-0.07627138172493961,-0.11214614963467756,0.7251794417080261,0.9505613159774084,0.4277164998767234,-1.8278502671494101,0.4922309391694084,158
-0.0597181353520819,-0.5072298327513381,-0.4042501907049087,0.10203867947774985,1.2940739632583385,0.9207420788773514,1.4206163001187095,85
0.6851779514265312,-1.3961681197638245,-0.8254826876421337,-1.1806888999182186,-1.0162126057593006,-0.6498821188522269,-0.9390298256274308,47
0.8176039224093958,-0.7047716743096685,-0.24628800435344927,-0.090204730354204,1.5980590381290802,-0.5844394439468275,1.9234917039662471,96
-0.7549544830121206,-0.3096879911930079,0.33553938204109285,-0.1780400813981142,-0.4842387247355021,0.4626433545395576,-0.3201062516612299,149
1.8273519511537382,-1.8900227236596503,0.954224611917642,0.40034741887216113,-0.27144917232598276,-0.846210143568424,0.14408642881342063,162
1.0162428788836932,-1.099855357426329,1.0253075957757987,0.5793326625088079,-0.3018476798130571,-0.9116528184738228,-0.2040580815425676,165
1.38041429908657,-0.11214614963467756,0.11175961804319202,0.332399317121212,0.04773515628829598,0.26631532982336054,0.37618276905074566,129
-0.2583570918263786,-0.21091707041384272,0.9752862367645034,1.3516208433854506,-0.8034230533497811,-0.5844394439468275,-0.2040580815425676,168
0.9831363861379765,-1.099855357426329,-0.6727859075023896,-1.001703656281572,-0.10425738114707472,-0.45355409413602915,-0.2814235282883428,60
0.13892082112221482,0.3817084542611482,1.9546517921435513,1.295273637055395,1.8108485905385994,-0.12634071960903376,2.0395398740849098,182
-1.4998505697907338,0.974333978936139,-0.7359707820429734,-0.33050899264414646,-0.11945663489061176,0.9861847537827502,-0.590885315271443,54
0.5030922413250928,0.18416661270281787,-0.2568188167768799,0.33737112944445213,1.9476418742304331,0.3972006796341588,2.0782225974577977,94
-1.1025726568421403,1.3694176620527996,-0.8623405311241409,-1.0000463855071586,-1.213802904425283,1.182512778498948,-1.093760719118981,42
-1.0032531786049916,0.6780212165986436,-0.6438261733379554,-0.4150298021392298,-0.6210320084273361,0.5280860294449571,-0.6682507620172181,66
-0.407336309182101,-0.013375228855512416,-0.4858639869864961,-0.8707792651029137,-0.8034230533497811,-0.1917833945144332,-1.5579533995936317,77
-1.2184453814521468,0.18416661270281787,-0.7938902503718419,-1.1458862136555374,-0.16505439612122316,1.2479554534043467,-0.3201062516612299,46
1.3638610527137116,-0.3096879911930079,-0.27261503541202586,-0.10677743809833797,2.874796352586196,-0.3881114192306303,1.8461262572204729,93
-1.764702511756463,1.665730424390295,-0.156776098754289,-0.3984570943950958,-0.05865961991646359,1.2479554534043467,-0.9003471022545434,105
-0.22525059908066258,-0.013375228855512416,-0.35686153479947086,-0.5177805901528603,-0.7274267846320956,0.06998730510716339,-0.8616643788816558,82
0.8838169079008279,-0.9023135158679987,-0.5069256118333573,-0.33216626341856,0.48851351485087213,-1.10798084319002,0.14408642881342063,75
0.7182844441722472,-0.8035425950888336,-0.2199609732948727,0.09706686715450971,2.7380030688943626,-1.8278502671494101,1.5753471936102599,99
-0.4404428019278176,0.974333978936139,-0.26471692609445296,-0.12335014584247192,-0.6514305159144101,0.9207420788773514,-0.3587889750341175,95
0.25479354573222174,-0.3096879911930079,-0.5780085956915141,0.1898740305216598,-0.8642200683239296,-0.9770954933792223,-0.7456162087629931,71
1.2810948208494213,-0.7047716743096685,-0.6806840168199626,-0.25924634934437046,-0.08905812740353768,-0.1917833945144332,-0.3587889750341175,60
-1.2018921350792884,1.1718758204944693,0.3644991162055271,0.009231516110599762,-0.4994379784790392,0.4626433545395576,-0.43615442177989266,151
-1.4501908306721594,1.665730424390295,-0.2410225981417339,-0.4879497162134192,-0.25624991858244567,0.7244140541611542,-0.7842989321358806,96
1.562500009188009,-1.5937099613221548,3.760686122761903,4.231957449315932,1.5980590381290802,0.3317580047287594,2.4650498311866733,237
0.8838169079008279,-0.6060007535305033,-0.5121910180450726,-0.027228440926495,0.38211873864611257,-0.12634071960903376,0.8016927261525086,75
1.2810948208494213,-0.3096879911930079,1.8230166368506686,1.901834740490698,0.3973179923896493,0.06998730510716339,0.37618276905074566,181
0.4699857485793762,-0.408458911972173,-0.7754613286308383,-0.9652436992444772,-0.7274267846320956,-0.5189967690414286,-0.3587889750341175,57
1.5293935164422923,-1.099855357426329,-0.39371937828147807,-0.7663712063148697,-1.198603650681746,-0.9116528184738228,-1.5966361229665191,82
0.7182844441722472,-0.8035425950888336,-0.6938475323492509,-0.2343872877281695,0.3517202311590379,0.3972006796341588,-0.3974716984070051,58
-0.6059752656563983,-0.013375228855512416,-0.7649305162074076,-0.9751873238909576,-0.3474454410436682,0.3972006796341588,-0.2040580815425676,59
1.7280324729165897,-1.69248088210132,-0.6859494230316779,-0.1366083120377793,-0.27144917232598276,0.3972006796341588,-0.2040580815425676,64
0.8010506760365376,0.08539569192365273,-0.8017883596894149,-0.10346289654951137,-0.8034230533497811,-0.257226069419832,-0.9390298256274308,66
-0.622528512029256,1.073104899715304,-0.7780940317366959,-0.9221546591097288,-1.092208874476986,-0.257226069419832,-0.3974716984070051,50
0.43687925583366016,0.08539569192365273,1.3201703436318564,1.3052172617018754,1.8716456055127475,-0.7807674686630246,2.1555880442035726,170
0.8507104151551125,0.4804793750403133,-0.6385607671262401,-0.9436991791771031,-0.6362312621708731,-0.32266874432523146,-0.43615442177989266,66
-0.4404428019278176,0.3817084542611482,-0.2278590826124456,-0.7531130401195626,-0.7426260383756329,0.5935287043503559,-0.7842989321358806,91
-0.9535934394864174,0.8755630581569739,-0.8254826876421337,-0.5409823809946478,-0.6818290234014845,1.640611502836741,-0.3587889750341175,52
1.430074038205145,-1.7912518028804851,-0.7859921410542688,-0.9785018654397845,-0.925017083298078,0.3972006796341588,-0.8616643788816558,47
0.6851779514265312,-0.9023135158679987,-0.3779231596463321,-0.7481412277963223,-0.8642200683239296,-0.846210143568424,-0.7456162087629931,83
-0.5232090337921079,0.7767921373778087,0.032778524867462334,-0.14820920745867286,-0.925017083298078,0.9207420788773514,-0.16537535816968002,123
1.2314350817308475,-1.69248088210132,1.851976371015103,1.555465148638298,1.5676605306420057,-0.6498821188522269,2.3490016610680104,176
-0.49010254104639134,0.974333978936139,-0.8333807969597067,-0.3487389711626939,-1.259400665655894,-0.5844394439468275,-0.8229816555087682,60
0.3375597775965121,-0.21091707041384272,-0.28314584783545643,-0.6139022950688373,1.8260478442821368,-1.10798084319002,2.0395398740849098,95
0.40377276308794413,-0.013375228855512416,-0.5516815646329375,-0.09683381345185768,-1.0162126057593006,-1.5660795675278136,-0.6295680386443305,70
-1.2515518741978626,0.4804793750403133,0.4803380528632639,-0.0007121085358807561,-0.028261112429389234,1.1170701035935484,-0.8616643788816558,155
-0.9701466858592757,0.8755630581569739,-0.7412361882546887,-0.817746600321685,-0.05865961991646359,0.7244140541611542,-0.7456162087629931,58
0.8838169079008279,-0.5072298327513381,-0.28577855094131416,-0.562526901062022,2.0844351579222673,-0.9770954933792223,2.2716362143222355,93
-1.4336375842993017,0.7767921373778087,-0.6833167199258203,-0.2625608908931973,-0.45384021724842805,0.6589713792557548,-0.3974716984070051,62
-0.7384012366392624,0.8755630581569739,0.18810800811306402,-0.29073449405822505,-0.5450357397096506,1.640611502836741,-0.7456162087629931,137
-1.0363596713507077,0.3817084542611482,-0.8017883596894149,-1.0630226749348675,-0.9858140982722264,2.0987102271745353,-1.3645397827291939,52
-1.01980642497785,0.3817084542611482,-0.6727859075023896,0.07220780553830876,-0.37784394853074255,0.6589713792557548,-0.8616643788816558,72
0.5196454876979505,-0.3096879911930079,-0.051467974519982744,-0.07860383493331041,-1.046611113246375,-0.45355409413602915,-0.6295680386443305,116
-0.29146358457209465,0.6780212165986436,1.8546090741209604,2.389072348168236,0.8228970972086881,0.20087265491796166,0.956423619644059,182
-0.8873804539949853,1.1718758204944693,-0.830748093853849,-0.17472553984928735,-0.6970282771450216,0.8552994039719525,-0.5522025918985554,62
-1.119125903214998,0.4804793750403133,-0.8149518752187032,-1.056393591837214,-0.605832754683799,0.7244140541611542,-0.7842989321358806,51
0.95002989339226,-0.5072298327513381,-0.7070110478785392,-0.9304410129817958,-0.3474454410436682,-1.10798084319002,-0.2040580815425676,58
-0.10937787447065622,-0.21091707041384272,-0.35422883169361324,-0.7862584556078305,1.2940739632583385,-1.1734235180954193,1.188519959881384,88
-0.3080168309449529,0.5792502958194785,-0.05410067762584044,-0.3967998236206823,-0.4994379784790392,2.0332675522691352,-0.2040580815425676,115
0.10581432837649879,0.28293753348198303,-0.051467974519982744,0.34068567099327896,-1.2897991731429683,-0.45355409413602915,-1.2098088892376437,116
0.006494850139350731,-0.408458911972173,-0.1673069111777196,-0.2542745370211303,-1.213802904425283,-0.257226069419832,-1.4419052294749688,106
-1.4667440770450177,1.073104899715304,0.5724826615682818,0.3655447326094799,-0.8034230533497811,1.3788408032151445,-1.0550779957460936,158
-0.655635004774972,0.4804793750403133,-0.8439116093831374,-0.6354468151362114,-0.8794193220674666,0.5280860294449571,-0.9390298256274308,50
-0.22525059908066258,-0.8035425950888336,1.335966562267002,1.4179116743619864,1.3700702319760238,-0.1917833945144332,1.3045681300000467,172
-0.5563155265378239,0.18416661270281787,-0.7675632193132653,-1.0878817365510685,-0.27144917232598276,-0.846210143568424,-0.6295680386443305,53
-0.8542739612492694,1.2706467412736344,-0.7859921410542688,-1.001703656281572,-0.6514305159144101,1.0516274286881495,-0.6295680386443305,54
0.18858056024078915,0.3817084542611482,2.8839959885113045,3.023807054768567,1.096483664592356,-0.7153247937576257,0.9177408962711714,200
-0.3080168309449529,0.18416661270281787,1.3517627809021482,0.6655107427783045,1.7804500830515253,-0.3881114192306303,1.4979817468644847,171
-0.026611642606365876,0.18416661270281787,1.314904937420141,1.986355549985781,1.0508859033617446,0.4626433545395576,2.0008571507120223,170
0.7017311977993895,-0.8035425950888336,-0.7465015944664041,-0.38354165742537516,-0.013061858685852192,0.7244140541611542,0.14408642881342063,58
-0.5728687729106817,-0.013375228855512416,-0.570110486373941,-0.9354128253050361,-0.9098178295545409,-0.9116528184738228,-1.8287324632038442,68
0.20513380661364744,-0.013375228855512416,-0.3200036913174637,-0.20787095533755526,2.859597098842659,-1.1734235180954193,2.19427076757646,90
0.7348376905451055,-1.5937099613221548,0.7304448479197411,0.4798964160440041,0.4277164998767234,-1.3043088679062176,0.06672098206764546,159
1.5790532555608672,-0.8035425950888336,0.8462837845774781,0.9406176913309282,-0.33224618730013117,0.13542998001256223,-0.3201062516612299,159
-0.9370401931135597,-0.013375228855512416,-0.19100123913043845,-0.013970274731187877,-0.6970282771450216,1.640611502836741,-0.2427408049154552,98
-1.0694661640964238,0.8755630581569739,-0.39898478449319336,-0.8078029756752045,1.2332769482841897,-1.5660795675278136,1.6913953637289225,81
0.28790003847793777,-0.408458911972173,0.16178097705448746,-0.09683381345185768,-0.5602349934531876,-0.9770954933792223,-0.5135198685256678,132
-0.14248436721637223,0.18416661270281787,-0.39371937828147807,-0.5824141503549827,1.5068635156678576,-2.2205063165818046,1.0724717897627216,500
-2.2116401638236307,1.9620431867277905,0.40135695968753426,0.10203867947774985,0.04773515628829598,0.789856729066553,-0.8616643788816558,152
-0.7384012366392624,1.2706467412736344,-0.18836853602458076,0.2495357784005422,-0.28664842606952007,0.26631532982336054,-0.8229816555087682,103
-0.3080168309449529,0.8755630581569739,-0.6385607671262401,-0.8823801605238074,-0.5298364859661135,0.5935287043503559,-0.5522025918985554,66
-0.7880609757578366,0.28293753348198303,-0.14361258322500073,0.19816038439372677,-0.3626446947872055,0.3317580047287594,-0.590885315271443,104
-1.1025726568421403,0.5792502958194785,0.3513356006762388,0.9157586297147272,-1.4721902180654134,2.753136976228526,-0.7456162087629931,149
-0.026611642606365876,0.974333978936139,-0.8834021559710022,-1.0795953826790015,-0.955415590785152,-0.6498821188522269,-1.1324434424918688,36
1.4797337773237187,-1.9887936444388155,-0.8096864690069877,-0.6917940214662669,-0.7274267846320956,-0.45355409413602915,-0.8229816555087682,500
-0.2749103381992369,0.4804793750403133,-0.6885821261375356,-0.8525492865843664,-0.4234417097613537,1.4442834781205445,-0.7456162087629931,61
0.5527519804436665,-1.0010844366471638,0.34343749135866575,0.9538758575262355,0.03253590254475921,-0.32266874432523146,-0.43615442177989266,147
-0.8211674685035527,1.2706467412736344,-0.11728555216642415,-0.14655193668425956,-1.517787979296025,0.5935287043503559,-0.8229816555087682,106
-2.029554453722192,1.9620431867277905,0.3829280379465306,0.6903698043945055,-0.3474454410436682,0.3317580047287594,-1.1324434424918688,153
0.7348376905451055,-0.9023135158679987,1.8572417772268184,1.7808539739585203,2.403619486536546,-1.8278502671494101,1.8074435338475854,180
-1.1025726568421403,0.974333978936139,-0.07252959936684392,-0.4017716359439227,-0.5754342471967246,0.5935287043503559,-0.2814235282883428,108
-1.052912917723566,0.5792502958194785,0.7067505199670224,1.1593774335534968,-0.37784394853074255,-0.45355409413602915,-0.47483714515278025,156
1.4631805309508603,-1.2973971989846593,-0.493762096304069,-0.7299112492777751,-1.198603650681746,-1.3697515428116165,-0.590885315271443,70
0.6189649659350992,0.18416661270281787,-0.26998233230616814,-0.60064412887353,2.06923590417873,-0.5844394439468275,1.6913953637289225,95
0.6686247050536734,-0.3096879911930079,0.8936724404829159,0.6207644318691428,-0.14985514237768613,-1.3043088679062176,-0.5135198685256678,160
0.9334766470194028,-0.7047716743096685,-0.2436553012475916,0.3191411509259046,2.4340179940236206,-0.6498821188522269,2.3490016610680104,97
0.3375597775965121,-0.013375228855512416,0.6225040205795773,0.12192592877071065,1.0356866496182073,0.0045446302017639545,0.7243272794067335,157
0.20513380661364744,-0.5072298327513381,-0.93079081187644,-1.1856607122414589,-0.7426260383756329,-0.6498821188522269,-1.0550779957460936,30
1.0824558643751252,-1.1986262782054942,-0.7333380789371158,-0.9271264714329691,-0.7882237996062441,-1.5006368926224147,-0.2427408049154552,59
0.9665831397651182,-0.7047716743096685,-0.76229781310155,-1.0514217795139738,-0.31704693355659413,-0.45355409413602915,-0.5135198685256678,53
-0.5397622801649656,0.4804793750403133,-0.2383898950358764,0.26776575691908944,0.12373142500598146,0.5935287043503559,-1.1324434424918688,95
-1.61572329440074,0.974333978936139,0.3671318193113846,-0.19792733069107474,-0.16505439612122316,1.3788408032151445,-0.590885315271443,151
-1.0363596713507077,1.2706467412736344,-0.14887798943671593,-0.5343532978969943,-0.3018476798130571,-0.32266874432523146,-0.0106444646781297,102
-0.49010254104639134,0.974333978936139,-0.8281153907479915,-1.031534530221013,-1.1530058894511344,-0.9770954933792223,-1.287174335983419,49
-0.903933700367843,1.3694176620527996,-0.6464588764438131,-0.9420419084026896,-1.1530058894511344,0.8552994039719525,-0.43615442177989266,61
0.3706662703422281,-0.5072298327513381,-0.9492197336174436,-1.232064293925034,-0.7578252921191699,-0.7153247937576257,-1.3258570593563064,28
-0.3080168309449529,-0.21091707041384272,0.6251367236854348,0.14181317806367144,-0.11945663489061176,2.0987102271745353,-0.3974716984070051,155
0.5030922413250928,-1.0010844366471638,-0.14887798943671593,-0.5144660486040336,2.221228441614101,-0.06089804470363489,1.652712640356035,106
0.8341571687822542,-1.3961681197638245,0.16704638326620286,0.3771456280303735,0.19972769372366694,-1.3043088679062176,-0.04932718805101728,133
1.2314350817308475,-1.2973971989846593,1.0305730019875141,0.5495017885693668,-0.14985514237768613,-0.3881114192306303,-0.5522025918985554,165
-1.6322765407735984,1.2706467412736344,0.4882361621808368,0.9588476698494754,-0.8946185758110039,1.0516274286881495,-0.7456162087629931,151
1.1486688498665572,-1.099855357426329,-0.051467974519982744,-0.42165888523688333,-1.0010133520157636,-0.45355409413602915,-1.287174335983419,111
-0.7549544830121206,0.6780212165986436,-0.6938475323492509,-1.014961822476879,-0.21065215735183457,0.5280860294449571,-0.8616643788816558,60
-0.4735492946735336,0.974333978936139,-0.39898478449319336,-0.6470477105571052,1.2636754557712637,0.20087265491796166,1.7687608104746977,83
0.38721951671508587,0.974333978936139,-0.24628800435344927,-0.4680624669204584,1.6436567993596911,-0.257226069419832,1.9234917039662471,97
0.7348376905451055,-0.6060007535305033,-0.6727859075023896,-0.8442629327122994,-0.27144917232598276,-0.9770954933792223,-0.3587889750341175,61
0.42032600946080245,-0.7047716743096685,0.127555836678338,0.08878051328244273,-0.4842387247355021,-0.7807674686630246,-0.08800991142390487,129
1.0327961252565503,-1.099855357426329,-0.5885394081149447,-0.7663712063148697,0.33652097741550113,0.0045446302017639545,0.14408642881342063,71
0.7182844441722472,-0.3096879911930079,-0.6517242826555284,-0.8890092436214609,-0.1802536498647602,-1.762407592244011,-0.47483714515278025,62
1.0990091107479836,-0.8035425950888336,-0.2199609732948727,-0.5161233193784468,2.251626949101175,-1.042538168284621,2.0782225974577977,99
-0.903933700367843,1.1718758204944693,-0.04883527141412505,0.48321095759283095,-0.8338215608368554,1.1170701035935484,-0.7456162087629931,112
-0.026611642606365876,0.4804793750403133,-0.4569042528220618,0.2114185505890339,-1.0010133520157636,-0.32266874432523146,-0.7456162087629931,79
-0.5232090337921079,0.08539569192365273,1.4096822492310168,2.0294445901205296,1.3700702319760238,0.06998730510716339,1.4979817468644847,174
-0.026611642606365876,-1.9887936444388155,-0.6517242826555284,-0.8227184126449251,0.610107544799169,-0.06089804470363489,0.37618276905074566,65
-0.622528512029256,0.28293753348198303,-0.7807267348425536,-1.03484907176984,-0.5450357397096506,0.3317580047287594,-0.3587889750341175,54
-1.3177648596892948,1.56695950361113,0.609340505050289,0.7085997829130527,-0.40824245601781667,0.5280860294449571,-0.2040580815425676,156
1.3142013135951378,-2.0875645652179804,0.15651557084277207,0.3854319819024405,-0.04346036617292628,-0.06089804470363489,-0.5522025918985554,135
0.15547406749507311,0.18416661270281787,1.3412319684787175,1.0450257501189724,1.5068635156678576,-1.3697515428116165,0.763010002779621,165
0.42032600946080245,-0.21091707041384272,1.335966562267002,1.6731313736216495,1.0204873958746705,-1.5006368926224147,1.0337890663898341,170
-1.3177648596892948,0.6780212165986436,0.4382148031695414,0.47492460372076395,0.0021373950576851204,1.9678248773637363,-0.7456162087629931,150
1.2314350817308475,-0.9023135158679987,-0.7438688913605463,-1.0215909055745327,0.0629344100318333,-0.06089804470363489,-0.43615442177989266,54
-1.2184453814521468,0.08539569192365273,-0.8175845783245608,-0.9867882193118515,-0.11945663489061176,0.3972006796341588,-0.47483714515278025,48
1.0327961252565503,-1.099855357426329,0.11175961804319202,-0.2426736416002365,-0.1802536498647602,-2.1550636416764055,-0.7842989321358806,131
1.0659026180022668,-1.099855357426329,-0.8728713435475715,-1.0133045517024657,-1.107408128220523,0.4626433545395576,-1.3645397827291939,37
-0.622528512029256,0.974333978936139,-0.8017883596894149,-0.36033986658358774,-0.590633500940262,0.3317580047287594,-0.3974716984070051,56
0.43687925583366016,0.08539569192365273,-0.1699396142835773,0.007574245336186224,2.312423964075324,-1.10798084319002,2.310318937695123,103
-0.9204869467407013,0.6780212165986436,-0.7675632193132653,-0.6023013996479435,-1.0010133520157636,0.5280860294449571,-0.8616643788816558,55
1.9597779221366023,-1.4949390405429897,-0.4358426279752005,-0.8210611418705118,-1.548186486783099,-0.7807674686630246,-0.7069334853901055,82
-0.026611642606365876,-1.0010844366471638,-0.28841125404717183,0.03574784850121401,1.8412470980256734,0.13542998001256223,2.0782225974577977,93
0.35411302396936983,0.18416661270281787,-0.6122337360676635,-0.7879157263822439,0.41251724613318663,0.5935287043503559,0.5695963859151836,66
-0.58942201928354,0.7767921373778087,-0.48323128388063835,0.23793488297964838,-1.244201411912357,-0.5189967690414286,-1.287174335983419,75
0.15547406749507311,0.5792502958194785,2.8813632854054467,3.3652048342977263,1.0508859033617446,0.6589713792557548,1.0724717897627216,202
1.198328588985131,-1.2973971989846593,-0.6964802354551086,-0.44320340530425745,-0.19545290360829726,-1.2388661930008182,-0.08800991142390487,62
-1.3839778451807274,1.4681885828319647,-0.7122764540902544,-0.5144660486040336,-0.39304320227427963,1.9023822024583377,-0.6295680386443305,60
-0.8708272076221271,-0.11214614963467756,-0.8465443124889949,-1.0895390073254818,-0.7274267846320956,0.789856729066553,-1.3645397827291939,42
0.48653899495223446,-0.5072298327513381,0.11702502425490723,0.4798964160440041,-0.10425738114707472,-0.45355409413602915,-0.12669263479679244,131
0.9831363861379765,-0.21091707041384272,-0.670153204396532,-0.8658074527796734,-0.24105066483890863,-1.1734235180954193,-0.5135198685256678,60
1.0990091107479836,-1.099855357426329,0.10649421183147664,0.1600431565822187,-0.19545290360829726,0.26631532982336054,-0.43615442177989266,128
1.7114792265437313,-0.013375228855512416,-0.26734962920031047,-0.6603058767524124,1.7500515755644512,-0.5189967690414286,1.9234917039662471,93
-1.0032531786049916,0.5792502958194785,-0.7465015944664041,-0.06203112718917646,-0.438640963504891,0.789856729066553,-1.0550779957460936,66
0.7513909369179638,0.28293753348198303,0.8805089249536276,0.6307080565156233,0.5949082910556317,0.3972006796341588,-0.3201062516612299,162
0.9169234006465445,-0.408458911972173,0.11965772736076492,-0.02391389937766816,-0.4690394709919651,-1.3697515428116165,-0.3974716984070051,129
1.3638610527137116,-0.21091707041384272,1.3491300777962905,0.7102570536874661,0.5645097835685576,-0.45355409413602915,-0.5135198685256678,169
0.35411302396936983,-0.3096879911930079,1.796689605792092,0.9803921899168497,1.7804500830515253,0.3317580047287594,1.8848089805933597,177
1.0162428788836932,-0.9023135158679987,-0.6253972515969518,-0.9818164069886112,-0.013061858685852192,0.06998730510716339,-0.2040580815425676,68
0.9996896325108349,-0.7047716743096685,0.9173667684356349,0.2561648614981956,0.13893067874951878,-0.45355409413602915,0.028038258694757883,162
1.6452662410522993,-2.2851064067763107,-0.8518097187007103,-0.18632643527018117,-1.0010133520157636,-1.3697515428116165,-0.9390298256274308,59
0.8010506760365376,-0.8035425950888336,1.8282820430623838,1.5090615669547232,2.266826202844712,-0.5844394439468275,1.459299023491597,180
0.5361987340708088,-0.408458911972173,-0.39898478449319336,-0.6603058767524124,1.5220627694113948,-1.3043088679062176,1.3045681300000467,86
-0.7384012366392624,0.18416661270281787,-0.730705375831258,-0.36199713735800104,-1.107408128220523,1.2479554534043467,-0.5135198685256678,59
1.0824558643751252,-0.9023135158679987,-0.5148237211509302,-0.43325978065777704,-0.1802536498647602,-0.1917833945144332,-0.3974716984070051,71
-0.5397622801649656,-0.7047716743096685,0.3592337099938117,-0.12500741661688547,-0.605832754683799,0.6589713792557548,-0.6682507620172181,151
-0.5397622801649656,0.3817084542611482,-0.8254826876421337,-0.19792733069107474,-0.6818290234014845,0.9207420788773514,-1.093760719118981,64
0.9665831397651182,-1.099855357426329,0.24339477333607484,0.8478105279637781,-0.05865961991646359,-0.9770954933792223,-0.2040580815425676,143
0.5527519804436665,-1.099855357426329,-0.21469556708315735,0.17330132277752583,2.0844351579222673,0.13542998001256223,2.6197807246782236,101
-1.4501908306721594,1.3694176620527996,-0.6648877981848166,-0.8691219943285002,-0.5602349934531876,1.3133981283097456,-0.6682507620172181,60
-0.3080168309449529,0.5792502958194785,-0.8570751249124257,-1.0795953826790015,-1.077009620733449,-0.7807674686630246,-0.590885315271443,44
-1.8474687436207535,2.0608141075069555,-0.8202172814304184,-1.1309707766858166,-0.11945663489061176,1.182512778498948,-1.1324434424918688,50
-1.334318106062153,1.2706467412736344,0.2934161323473703,0.5909335579297017,-0.4994379784790392,1.182512778498948,-1.093760719118981,141
-0.09282462809779791,0.08539569192365273,-0.10148933353127818,-0.5608696302876086,-0.5754342471967246,-0.5189967690414286,-0.6682507620172181,111
0.5527519804436665,-0.3096879911930079,-0.6122337360676635,-0.012313003956774576,-0.3474454410436682,-0.257226069419832,0.763010002779621,65
1.0824558643751252,-1.9887936444388155,0.9884497522937917,0.5876190163808749,-0.2258514110953716,-0.7807674686630246,-0.12669263479679244,162
-1.2018921350792884,1.56695950361113,0.10386150872561895,-0.01562754550560118,-0.33224618730013117,0.3972006796341588,-0.5135198685256678,128
1.5293935164422923,-0.6060007535305033,-0.7043783447726815,-0.7895729971566572,0.3517202311590379,-1.5006368926224147,-0.5522025918985554,63
0.48653899495223446,-0.3096879911930079,0.11175961804319202,-0.3503962419371072,0.12373142500598146,-0.3881114192306303,0.18276915218630777,130
-1.2018921350792884,1.1718758204944693,-0.730705375831258,-0.21781457998403556,-0.4690394709919651,1.5097261530259434,-0.3974716984070051,61
-0.14248436721637223,0.28293753348198303,-0.6069683298559482,-0.2725045155396776,-0.11945663489061176,0.5935287043503559,-0.2814235282883428,67
1.3307545599679962,-0.5072298327513381,0.11702502425490723,-0.2128427676607954,0.0629344100318333,-0.12634071960903376,-0.5522025918985554,130
-1.01980642497785,0.5792502958194785,-0.8149518752187032,-0.22775820463051608,-0.8186223070933184,0.4626433545395576,-0.7069334853901055,61
1.1486688498665572,-0.9023135158679987,-0.5674777832680834,-0.7763148309613501,0.017336648801221894,-0.06089804470363489,0.06672098206764546,72
0.7348376905451055,-0.5072298327513381,1.891466917602968,2.002928257729915,1.430867246950172,-1.3043088679062176,0.4922309391694084,179
-0.5232090337921079,-0.013375228855512416,-0.11728555216642415,-0.3503962419371072,-0.438640963504891,1.9678248773637363,-0.7069334853901055,110
0.1720273138679314,0.08539569192365273,0.34343749135866575,0.7085997829130527,-0.6514305159144101,1.7714968526475399,-0.47483714515278025,154
2.059097400373751,-1.8900227236596503,-0.670153204396532,-0.19792733069107474,-0.45384021724842805,-0.5189967690414286,-0.9390298256274308,59
-0.04316488897922359,0.28293753348198303,-0.2410225981417339,-0.008998462407947737,1.3700702319760238,-0.45355409413602915,1.2272026832542715,91
0.9831363861379765,-1.7912518028804851,-0.6464588764438131,-0.22444366308168923,-0.28664842606952007,-0.7153247937576257,0.22145187555919535,61
0.48653899495223446,-0.11214614963467756,3.69750124822132,2.806704583320412,1.886844859256285,-1.5006368926224147,1.9621744273391348,233
-1.1025726568421403,1.073104899715304,-0.2410225981417339,0.39206106500009413,-0.40824245601781667,0.9207420788773514,-0.8229816555087682,98
0.3210065312236538,-0.11214614963467756,-0.14097988011914303,0.047348743922107826,1.734852321820914,-0.06089804470363489,2.232953490949348,108
1.0824558643751252,-1.0010844366471638,-0.7333380789371158,-0.9503282622747566,-0.45384021724842805,-0.06089804470363489,-0.6682507620172181,59
-1.119125903214998,0.4804793750403133,0.677790785802588,0.8212941955731639,-0.40824245601781667,0.3317580047287594,-0.8616643788816558,159
-0.374229816436385,0.3817084542611482,1.5360519983121843,1.059941187088693,1.6892545605903024,0.5935287043503559,1.5753471936102599,175
-0.4238895555549593,0.4804793750403133,-0.8070537659011301,-0.6271604612641444,-0.6666297696579475,0.6589713792557548,-0.5135198685256678,48
-1.2018921350792884,0.8755630581569739,0.39345885036996114,0.2511930491749555,-0.4234417097613537,0.789856729066553,-0.6682507620172181,151
-0.622528512029256,0.974333978936139,0.3644991162055271,0.08712324250802919,-1.092208874476986,1.182512778498948,-0.7842989321358806,150
-0.407336309182101,0.28293753348198303,-0.8939329683944328,-0.19792733069107474,-1.077009620733449,-1.6969649173386119,-1.6353188463394068,63
-1.2018921350792884,2.258355949065286,-0.8096864690069877,-0.4813206331157656,-0.9098178295545409,0.9861847537827502,-0.6295680386443305,497
0.5361987340708088,-0.5072298327513381,-0.6411934702320977,-0.2857626817349849,-0.05865961991646359,-0.257226069419832,0.530913662542296,62
-0.7880609757578366,1.073104899715304,-0.7991556565835571,-0.9088964929144218,-0.5146372322225765,0.5280860294449571,-0.6295680386443305,52
1.2479883281037059,-1.099855357426329,-0.6148664391735212,-0.31227901412559916,-0.438640963504891,-0.45355409413602915,-0.2427408049154552,67
-1.516403816163592,1.1718758204944693,-0.754399703783977,-1.0497645087395604,-0.590633500940262,0.3972006796341588,-0.3974716984070051,53
-1.0363596713507077,1.3694176620527996,-0.14097988011914303,-0.42994523910895033,-0.4994379784790392,0.5280860294449571,-0.7842989321358806,107
0.6851779514265312,-1.1986262782054942,0.6540964578498693,0.13352682419160447,-0.3018476798130571,-0.32266874432523146,0.22145187555919535,156
-0.5397622801649656,0.08539569192365273,0.6488310516381539,0.3174838801514913,-0.590633500940262,1.3788408032151445,-0.9003471022545434,157
1.0659026180022668,-0.013375228855512416,0.11702502425490723,0.17495859355193938,-0.5146372322225765,-1.5006368926224147,-0.43615442177989266,131
1.3969675454594284,-1.4949390405429897,0.8647127063184818,1.649929582779862,-0.13465588863414907,0.6589713792557548,-0.2040580815425676,165
1.2645415744765642,-1.1986262782054942,-0.2252263795065881,-0.4713770084692852,2.0844351579222673,-0.3881114192306303,2.0782225974577977,96
-0.7384012366392624,0.4804793750403133,-0.32790180063503666,-0.6238459197153176,1.3548709782324866,-1.10798084319002,1.6140299169831474,89
-1.1356791495878564,1.3694176620527996,-0.7149091571961121,-0.6056159411967703,-0.8338215608368554,1.182512778498948,-0.2814235282883428,59
0.9169234006465445,-0.8035425950888336,1.7756279809452309,1.9714401130160608,1.5220627694113948,-1.2388661930008182,2.426367107813786,179
-1.4170843379264435,1.073104899715304,-0.004079318614544817,-0.2426736416002365,-0.21065215735183457,2.229595576985333,-0.8616643788816558,119
-0.3245700773178106,0.28293753348198303,-0.3015747695764601,-0.03717206557297552,1.3244724707454125,-0.06089804470363489,1.652712640356035,93
1.1155623571208406,-1.7912518028804851,-0.5780085956915141,-0.3503962419371072,0.30612246992842707,-0.3881114192306303,0.26013459893208296,66
-0.4404428019278176,0.5792502958194785,-0.42794451865762756,0.05066328547093466,-1.0010133520157636,-0.06089804470363489,-1.3258570593563064,81
0.5527519804436665,-0.6060007535305033,1.3728244057490095,0.7864915093104826,-0.1802536498647602,-1.042538168284621,0.8016927261525086,174
1.562500009188009,-0.3096879911930079,0.1433520553134838,0.5329290808252328,0.33652097741550113,-1.8278502671494101,-0.7069334853901055,132
2.059097400373751,-1.2973971989846593,0.07490177456118488,-0.3586825958091742,-0.5754342471967246,-1.762407592244011,-0.0106444646781297,126
-0.655635004774972,-0.11214614963467756,-0.8096864690069877,-0.9801591362141977,-0.6970282771450216,1.4442834781205445,-1.0550779957460936,496
-0.374229816436385,0.28293753348198303,1.3728244057490095,2.2548334154407517,1.7500515755644512,-0.3881114192306303,0.9951063430169466,168
1.7114792265437313,-1.4949390405429897,0.40135695968753426,0.3738310864815469,0.5645097835685576,0.5280860294449571,-0.04932718805101728,148
-0.4735492946735336,0.8755630581569739,-0.8965656715002905,-1.1326280474602302,-1.2897991731429683,-1.9587356169602081,-0.8229816555087682,38
-1.334318106062153,1.073104899715304,0.32237586651180455,0.9091295466170736,-0.3474454410436682,1.5097261530259434,-0.9003471022545434,151
1.3307545599679962,-0.9023135158679987,-0.6727859075023896,-0.8840374312982208,-0.08905812740353768,-0.45355409413602915,-0.2427408049154552,62
1.7776922120351633,-1.7912518028804851,-0.6280299547028094,-0.8111175172240314,-0.05865961991646359,0.0045446302017639545,-0.6295680386443305,67
0.8838169079008279,-0.8035425950888336,-0.6253972515969518,-0.7879157263822439,0.1541299324930561,-0.5844394439468275,0.18276915218630777,64
1.0162428788836932,-0.3096879911930079,-0.6938475323492509,-0.449832488401911,-0.1802536498647602,-0.9116528184738228,-0.3974716984070051,57
-0.19214410633494655,-0.8035425950888336,-0.20679745776558445,-0.43160250988336374,-1.259400665655894,-0.7153247937576257,-0.6295680386443305,97
1.5459467628151506,-1.5937099613221548,-0.35686153479947086,-0.59567231655029,-1.198603650681746,-1.762407592244011,-0.9003471022545434,89
-0.6059752656563983,1.3694176620527996,1.3965187337017284,1.1510910796814298,1.1876791870535783,-0.1917833945144332,0.956423619644059,171
-0.4404428019278176,0.28293753348198303,-0.6806840168199626,-0.15318101978191323,-0.4690394709919651,1.3133981283097456,-0.7456162087629931,62
0.6024117195622408,-0.6060007535305033,3.692235842009605,3.5342464532878934,-0.3018476798130571,-0.32266874432523146,1.7687608104746977,229
-1.4998505697907338,0.974333978936139,-0.19100123913043845,-0.45314702995073786,-0.590633500940262,0.4626433545395576,-0.2427408049154552,99
0.6520714586808152,-0.408458911972173,1.9151612455556866,1.7029622475610904,0.33652097741550113,-0.846210143568424,0.41486549242363324,182
1.0162428788836932,-0.408458911972173,3.6817050295861735,3.5872791180691217,2.06923590417873,-1.1734235180954193,1.9234917039662471,231
-0.12593112084351393,0.5792502958194785,-0.830748093853849,-0.19295551836783462,-1.4721902180654134,0.9207420788773514,-0.2814235282883428,59
0.6189649659350992,-0.8035425950888336,0.8041605348837558,1.006908522307464,-0.07385887366000063,-0.7807674686630246,-0.6682507620172181,160
-0.8542739612492694,-0.013375228855512416,-0.1620415049660042,-0.4067434482671628,-0.3626446947872055,0.06998730510716339,-0.9003471022545434,102
1.1652220962394155,-1.099855357426329,3.823870997302488,3.6717999275642046,2.1452321728964154,-0.6498821188522269,1.9621744273391348,237
1.1155623571208406,-1.1986262782054942,3.747522607232615,2.486851323858627,2.342822471562398,0.26631532982336054,1.9234917039662471,233
-0.5232090337921079,0.18416661270281787,-0.7412361882546887,-1.0414781548674934,-0.07385887366000063,1.1170701035935484,-0.5135198685256678,55
-0.5728687729106817,0.5792502958194785,-0.42531181555176995,-0.579099608806156,1.5068635156678576,-0.5189967690414286,1.3819335767458218,500
-1.2846583669435787,0.6780212165986436,-0.18310312981286558,-0.25758907856995716,-0.6362312621708731,0.3972006796341588,-0.7842989321358806,100
-0.6390817584021143,0.08539569192365273,0.7436083634490294,1.1726355997488036,-0.6514305159144101,0.5280860294449571,-0.5135198685256678,154
-0.04316488897922359,-0.6060007535305033,-0.9018310777120058,-1.1873179830158722,-1.3353969343735794,-1.3043088679062176,-0.2427408049154552,35
-1.4998505697907338,0.6780212165986436,-0.7149091571961121,-0.9304410129817958,-0.33224618730013117,2.0332675522691352,-1.016395272373206,57
0.28790003847793777,0.4804793750403133,1.8598744803326759,1.8173139309956148,1.917243366743359,-0.7153247937576257,2.0008571507120223,180
0.9169234006465445,-1.2973971989846593,0.16441368016034516,-0.045458419445042496,-0.05865961991646359,-0.1917833945144332,-0.43615442177989266,136
-1.6819362798921726,1.3694176620527996,-0.7728286255249806,-0.29902084793029204,-0.6362312621708731,0.4626433545395576,-0.43615442177989266,55
1.4631805309508603,-1.69248088210132,-0.6332953609145248,-0.7862584556078305,-0.14985514237768613,-0.1917833945144332,0.22145187555919535,64
0.7348376905451055,-1.4949390405429897,-0.41741370623419694,-0.763056664766043,-1.213802904425283,0.3317580047287594,-0.9777125490003183,83
-1.3839778451807274,1.073104899715304,-0.20153205155386905,-0.4829779038901789,-0.6210320084273361,1.9023822024583377,-1.2098088892376437,104
-0.2583570918263786,0.6780212165986436,-0.19626664534215385,-0.6354468151362114,-0.8490208145803925,1.9678248773637363,-0.7456162087629931,103
0.5527519804436665,-0.9023135158679987,-0.3647596441170438,-0.22278639230727568,1.6284575456161543,-0.846210143568424,0.9951063430169466,86
0.5527519804436665,-0.5072298327513381,3.6790723264803167,4.3264218834574955,2.312423964075324,-1.6969649173386119,2.19427076757646,232
-1.1025726568421403,0.7767921373778087,-0.05410067762584044,0.28765300621205026,-0.4994379784790392,0.26631532982336054,-0.7069334853901055,114
-0.34112332369066894,0.6780212165986436,-0.1594088018601467,0.06889326398948192,-0.6514305159144101,1.8369395275529388,-1.016395272373206,102
0.4534325022065185,-0.7047716743096685,1.2938433125732798,1.6068405426451138,1.0052881421311333,-0.6498821188522269,1.2658854066271592,168
-1.1522323959607141,0.5792502958194785,-0.8281153907479915,-0.44651794685308427,-0.9098178295545409,0.6589713792557548,-1.093760719118981,56
-1.1356791495878564,-0.013375228855512416,-0.056733380731697945,-0.19295551836783462,-0.39304320227427963,0.9207420788773514,-0.3201062516612299,116
-0.04316488897922359,0.28293753348198303,-0.038304458990694464,0.3075402555050111,-0.7578252921191699,2.5568089515123282,-0.8616643788816558,117
1.0327961252565503,-0.9023135158679987,-0.7438688913605463,-0.9635864284700638,-0.37784394853074255,-0.45355409413602915,-0.2040580815425676,54
-1.4998505697907338,1.1718758204944693,0.8041605348837558,0.5892762871552883,-0.8794193220674666,1.5097261530259434,-0.2814235282883428,158
1.181775342612274,-0.5072298327513381,1.8045877151096652,2.2382607076966177,2.7684015763814362,-0.1917833945144332,2.0008571507120223,181
-1.6984895262650304,1.2706467412736344,-0.21732827018901502,-0.49457879931107274,-0.925017083298078,1.182512778498948,-0.9003471022545434,95
1.1155623571208406,-2.383877327555476,-0.7517670006781193,-0.8757510774261539,-0.13465588863414907,-0.06089804470363489,-0.6295680386443305,58
-1.764702511756463,2.258355949065286,-0.7675632193132653,-0.9436991791771031,-1.061810366989912,1.3133981283097456,-0.9390298256274308,53
-0.2749103381992369,0.3817084542611482,-0.7886248441601266,-1.1574871090764312,-1.107408128220523,0.3972006796341588,-0.6682507620172181,51
1.2810948208494213,-0.7047716743096685,-0.7122764540902544,-0.37359803277889486,-0.438640963504891,-0.9770954933792223,0.26013459893208296,58
1.4797337773237187,-1.099855357426329,-0.2963093633647447,-0.07197475183565674,2.221228441614101,-0.1917833945144332,2.3876843844408984,89
-1.1687856423335723,0.6780212165986436,-0.11465284906056647,-0.2542745370211303,-0.27144917232598276,0.3972006796341588,-0.3587889750341175,109
0.07270783563078277,-0.5072298327513381,-0.3226363944233213,-0.8160893295472715,-0.3018476798130571,-0.32266874432523146,2.116905320830685,88
-0.35767657006352727,-1.2973971989846593,-0.39371937828147807,-0.22112912153286238,1.0356866496182073,0.3972006796341588,0.763010002779621,83
-0.12593112084351393,-0.6060007535305033,-0.8755040466534292,-0.6354468151362114,-1.0314118595028376,-1.2388661930008182,-0.8616643788816558,48
1.3473078063408546,-1.3961681197638245,-0.7491342975722617,-0.5227524024761006,-0.27144917232598276,-0.3881114192306303,-0.3974716984070051,56
-0.22525059908066258,0.28293753348198303,-0.8017883596894149,-1.0133045517024657,-0.5298364859661135,1.9023822024583377,-0.6295680386443305,53
-0.026611642606365876,-0.3096879911930079,-0.8570751249124257,-1.1740598168205651,-1.061810366989912,0.7244140541611542,-1.2484916126105312,42
-0.4238895555549593,0.6780212165986436,-0.8412789062772796,-0.6984231045639204,-0.5146372322225765,2.425923601701531,-0.6682507620172181,44
-1.4005310915535851,0.974333978936139,0.3250085696176622,0.6588816596806508,-1.1834043969382086,0.7244140541611542,-0.5522025918985554,149
-0.7880609757578366,0.28293753348198303,-0.28841125404717183,-1.086224465776655,-1.0010133520157636,1.640611502836741,-0.2427408049154552,52
1.181775342612274,-1.4949390405429897,0.10122880561976144,0.4467510005557362,-0.5754342471967246,-1.10798084319002,0.14408642881342063,128
1.2314350817308475,-1.69248088210132,-0.7280726727254004,-0.3421098880650403,0.13893067874951878,-0.06089804470363489,-0.2814235282883428,56
-0.8873804539949853,0.8755630581569739,0.33027397582937745,-0.0073411916335341994,-0.4234417097613537,1.1170701035935484,-0.2814235282883428,500
-0.19214410633494655,0.7767921373778087,-0.3779231596463321,0.28268119388881013,1.9020441129998222,-0.6498821188522269,1.2658854066271592,82
-0.3080168309449529,-0.013375228855512416,-0.7807267348425536,-0.5459541933178881,-0.940216337041615,0.0045446302017639545,-0.43615442177989266,56
1.1486688498665572,-0.8035425950888336,0.40135695968753426,1.076513894832827,0.16932918623659285,-0.3881114192306303,0.26013459893208296,500
-0.34112332369066894,0.4804793750403133,-0.6806840168199626,-0.8608356404564333,-0.438640963504891,1.9023822024583377,-0.12669263479679244,58
1.0327961252565503,-0.8035425950888336,1.4070495461251589,1.1278892888396421,0.9900888883875965,-2.1550636416764055,1.3045681300000467,173
-2.095767439213624,2.159585028286121,-0.7938902503718419,-0.9039246805911816,-0.39304320227427963,1.0516274286881495,-0.8229816555087682,47
0.023048096512208446,0.18416661270281787,-0.8728713435475715,-1.1757170875949787,-1.061810366989912,-0.12634071960903376,-1.4419052294749688,41
-1.4336375842993017,1.1718758204944693,-0.8254826876421337,-0.31227901412559916,-0.3474454410436682,0.9207420788773514,-0.8616643788816558,60
-1.1853388887064307,1.2706467412736344,-0.76229781310155,-1.0696517580325213,-0.16505439612122316,0.0045446302017639545,-0.5522025918985554,53
-0.4404428019278176,0.28293753348198303,-0.41741370623419694,-0.6702495013988927,1.400468739463098,-0.7807674686630246,0.956423619644059,81
-1.367424598807869,0.8755630581569739,-0.7833594379484111,-0.9221546591097288,-0.8186223070933184,2.164152902079934,-0.3201062516612299,50
-1.4170843379264435,0.8755630581569739,0.49086886528669454,0.5395581639228865,-1.0314118595028376,1.3788408032151445,-0.43615442177989266,154
1.2976480672222797,-1.8900227236596503,1.8256493399565263,1.1527483504558431,0.38211873864611257,0.20087265491796166,0.37618276905074566,184
-0.6059752656563983,-0.013375228855512416,0.3592337099938117,-0.06037385641476292,-0.31704693355659413,1.3133981283097456,-0.3587889750341175,148
0.1223675747493571,0.08539569192365273,3.829136403514203,3.3320594188094583,2.06923590417873,0.13542998001256223,2.0782225974577977,238
-1.3508713524350113,1.1718758204944693,-0.033039052778979075,-0.19129824759342132,-0.6666297696579475,1.5097261530259434,-0.12669263479679244,117
0.8010506760365376,-0.9023135158679987,-0.6912148292433932,-0.880722889749394,-0.1802536498647602,-0.5189967690414286,-0.43615442177989266,61
0.9996896325108349,0.08539569192365273,1.8072204182155227,1.7609667246655591,2.0844351579222673,-0.5189967690414286,1.9234917039662471,180
-1.5826168016550242,0.8755630581569739,0.0011860875971703834,0.36057292028623955,-0.08905812740353768,-0.846210143568424,-0.08800991142390487,119
1.5128402700694352,-1.2973971989846593,0.11965772736076492,0.6124780779970758,-0.37784394853074255,-0.5844394439468275,-0.43615442177989266,129
-1.4336375842993017,1.665730424390295,0.4935015683925522,0.5561308716670205,-0.7578252921191699,1.9023822024583377,-1.0550779957460936,153
-1.4005310915535851,1.2706467412736344,-0.7412361882546887,-0.5293814855737541,-0.4994379784790392,1.1170701035935484,-0.3201062516612299,60
0.9831363861379765,-0.7047716743096685,-0.7517670006781193,-0.39017074052302886,0.12373142500598146,-1.762407592244011,0.06672098206764546,57
0.20513380661364744,-0.3096879911930079,-0.6596223919731014,0.058949639343001646,-0.31704693355659413,-0.7153247937576257,0.06672098206764546,71
1.4797337773237187,-2.7789610106721367,-0.8412789062772796,-0.466405196146045,-1.350596188117117,-0.3881114192306303,-1.093760719118981,54
-0.14248436721637223,-0.11214614963467756,-0.07516230247270161,-0.4697197376948718,-0.955415590785152,-1.10798084319002,-0.9390298256274308,111
-0.5232090337921079,0.5792502958194785,-0.7965229534776994,-0.1299792289401256,-0.5298364859661135,2.164152902079934,-1.093760719118981,63
-1.1853388887064307,1.2706467412736344,0.0011860875971703834,-0.05043023176828264,0.0021373950576851204,-0.5844394439468275,0.22145187555919535,115
-0.7715077293849789,0.8755630581569739,-0.6464588764438131,-0.18964097681900777,-0.7426260383756329,0.0045446302017639545,-0.43615442177989266,60
1.0990091107479836,-0.7047716743096685,0.19600611743063692,0.48652549914165777,-0.28664842606952007,-0.6498821188522269,0.06672098206764546,142
-0.655635004774972,0.4804793750403133,-0.9097291870295788,-1.2072052323088331,-1.077009620733449,-0.257226069419832,-0.7456162087629931,35
-0.026611642606365876,1.073104899715304,0.3723972255231,-0.10014835500068452,-1.3201976806300424,1.3133981283097456,-0.9777125490003183,151
-0.7052947438935463,1.665730424390295,-0.7886248441601266,-0.562526901062022,-0.10425738114707472,0.13542998001256223,-0.6295680386443305,51
0.5361987340708088,-0.013375228855512416,1.346497374690433,0.9174159004891406,0.09333291751890738,-0.7807674686630246,-0.16537535816968002,168
-0.29146358457209465,0.5792502958194785,-0.3963520813873357,-0.13163649971453892,-1.0162126057593006,-0.32266874432523146,-1.016395272373206,84
-0.9866999322321334,1.1718758204944693,-0.8175845783245608,-0.5592123595131951,-0.39304320227427963,0.9861847537827502,-0.6295680386443305,49
1.0990091107479836,-2.1863354859971458,-0.10148933353127818,-0.4763488207925254,-1.061810366989912,0.7244140541611542,-1.3645397827291939,110
1.132115603493699,-1.099855357426329,-0.2225936764007304,-0.15318101978191323,1.917243366743359,-0.12634071960903376,2.0782225974577977,98
0.7844974296636793,0.4804793750403133,-0.20943016087144214,-0.5293814855737541,2.221228441614101,-0.7807674686630246,2.1555880442035726,100
0.9334766470194028,-1.4949390405429897,-0.7754613286308383,-1.084567195002242,-0.14985514237768613,-0.06089804470363489,-0.6295680386443305,55
-0.837720714876411,0.7767921373778087,-0.8281153907479915,-0.3669689496812412,-0.4234417097613537,2.164152902079934,-0.8229816555087682,57
-1.1853388887064307,0.8755630581569739,-0.061998786943413334,-0.5376678394458211,0.33652097741550113,1.2479554534043467,-0.3974716984070051,113
0.8176039224093958,-0.3096879911930079,-0.7201745634078275,-0.9801591362141977,-0.6818290234014845,-1.2388661930008182,-0.590885315271443,59
-1.7812557581293207,2.5546687114027815,-0.8360135000655643,-0.39182801129744216,-0.6818290234014845,1.7060541777421399,-0.2427408049154552,55
0.8341571687822542,-1.4949390405429897,-0.7333380789371158,-1.03484907176984,-0.07385887366000063,-0.1917833945144332,-0.04932718805101728,54
-0.7052947438935463,0.5792502958194785,-0.8807694528651445,-0.33216626341856,-1.0314118595028376,-1.3043088679062176,-0.9777125490003183,58
-0.5397622801649656,0.28293753348198303,-0.20153205155386905,-0.4896069869878326,-1.2745999193994313,0.20087265491796166,-1.287174335983419,101
1.0327961252565503,-0.8035425950888336,-0.8728713435475715,-0.386856198974202,-1.1834043969382086,-1.3043088679062176,-0.2040580815425676,55
-0.5397622801649656,0.7767921373778087,-0.7701959224191229,-0.4713770084692852,0.04773515628829598,0.20087265491796166,-0.5135198685256678,55
1.5956065019337256,-0.5072298327513381,-0.12255095837813935,0.46995279139752383,-1.077009620733449,0.4626433545395576,-1.2098088892376437,109
0.6851779514265312,0.18416661270281787,-0.7043783447726815,-0.9155255760120753,-0.3626446947872055,-1.2388661930008182,-0.47483714515278025,56
-0.6721882511478303,-0.013375228855512416,-0.3515961285877556,-0.6387613566850382,0.7317015747474653,0.4626433545395576,1.459299023491597,87
1.2314350817308475,-1.0010844366471638,0.09596339940804606,0.23959215375406168,-0.14985514237768613,-0.257226069419832,-0.04932718805101728,125
1.0493493716294087,-0.9023135158679987,3.7422572010209,2.7984182294483446,2.1604314266399527,-1.042538168284621,2.0008571507120223,235
0.6686247050536734,-0.9023135158679987,-0.6464588764438131,-0.8774083482005672,-0.7730245458627071,-1.8278502671494101,-0.12669263479679244,65
-0.14248436721637223,0.5792502958194785,1.375457108854867,0.9969648976609837,1.6284575456161543,-0.7807674686630246,1.7687608104746977,173
1.0327961252565503,-1.2973971989846593,1.3886206243841552,2.2747206647337124,-0.04346036617292628,-0.5844394439468275,0.3375000456778581,171
0.48653899495223446,0.08539569192365273,3.7159301699623235,2.5481703425119226,2.099634411665804,-0.5844394439468275,2.3490016610680104,231
-0.804614222130695,1.1718758204944693,0.3329066789352351,-0.10512016732392467,0.30612246992842707,-0.12634071960903376,-0.47483714515278025,151
0.6520714586808152,0.08539569192365273,-0.5385180491036492,0.18324494742400635,-0.31704693355659413,-0.5189967690414286,0.18276915218630777,70
-0.9866999322321334,0.3817084542611482,-0.6174991422793789,-0.8194038710960984,-1.0162126057593006,1.0516274286881495,-0.16537535816968002,65
1.0327961252565503,-2.2851064067763107,-0.49639479940992665,-0.9155255760120753,-0.6666297696579475,-0.45355409413602915,-0.8229816555087682,75
0.006494850139350731,0.18416661270281787,2.968242487898749,2.5978884657443246,1.2180776945406528,-0.6498821188522269,1.6913953637289225,207
-0.7218479902664047,-0.013375228855512416,-0.754399703783977,-0.1084347088727515,-0.2258514110953716,0.9861847537827502,-0.47483714515278025,63
-1.1853388887064307,0.4804793750403133,-0.1620415049660042,-0.36199713735800104,-0.4690394709919651,0.3972006796341588,-0.7069334853901055,101
-0.374229816436385,0.6780212165986436,0.41978588142853773,1.0201666885027714,-0.5754342471967246,1.9023822024583377,-0.6682507620172181,152
0.8341571687822542,-0.6060007535305033,-0.6859494230316779,-0.4017716359439227,0.07813366377537061,-0.5189967690414286,-0.5135198685256678,62
1.0493493716294087,-1.0010844366471638,-0.8491770155948526,-0.7166530830824678,-0.14985514237768613,0.5935287043503559,-0.7842989321358806,44
0.48653899495223446,-0.408458911972173,0.15651557084277207,0.12358319954512395,-0.4994379784790392,-0.846210143568424,-0.5135198685256678,133
-1.334318106062153,-0.013375228855512416,-0.2225936764007304,-0.5061796947319666,-0.9706148445286894,-0.257226069419832,-0.3587889750341175,98
-0.58942201928354,0.8755630581569739,-0.7938902503718419,-1.0961680904231355,-1.396193949347728,-1.6315222424332128,-1.016395272373206,53
1.1652220962394155,-1.1986262782054942,-0.7201745634078275,-0.07694656415889688,-0.5754342471967246,-0.1917833945144332,-1.0550779957460936,63
0.6520714586808152,-0.21091707041384272,-0.20943016087144214,-0.5227524024761006,1.9780403817175076,-0.5189967690414286,1.9621744273391348,99
-0.2086973527078043,0.08539569192365273,-0.28841125404717183,-0.2327300169537562,1.9932396354610444,-1.5660795675278136,1.9234917039662471,88
0.8838169079008279,-0.8035425950888336,0.7225467386021682,1.2554991384694734,0.7469008284910027,-1.10798084319002,-0.0106444646781297,159
-1.01980642497785,0.8755630581569739,-0.7491342975722617,-0.9221546591097288,0.19972769372366694,1.3133981283097456,-0.6682507620172181,56
-0.34112332369066894,0.08539569192365273,-0.2436553012475916,-0.6603058767524124,-0.7426260383756329,1.3788408032151445,-0.3201062516612299,95
0.5527519804436665,-0.013375228855512416,-0.5227218304685032,-0.3487389711626939,0.3213217236719638,-1.042538168284621,0.18276915218630777,74
1.2314350817308475,-1.2973971989846593,0.1328212428900532,0.14015590728925792,-0.605832754683799,0.06998730510716339,-0.43615442177989266,127
-1.4832973234178755,1.073104899715304,-0.13044906769571243,0.030776036177973864,-0.39304320227427963,2.164152902079934,-1.1324434424918688,105
-0.49010254104639134,0.18416661270281787,-0.14361258322500073,-0.02391389937766816,-0.6514305159144101,0.6589713792557548,-0.3587889750341175,104
-1.01980642497785,0.28293753348198303,-0.25155341056516467,-0.090204730354204,-0.4690394709919651,1.2479554534043467,-0.5135198685256678,92
-0.07627138172493961,-0.3096879911930079,1.3517627809021482,0.8362096325428845,1.1420814258229675,-0.06089804470363489,2.0395398740849098,169
-1.3177648596892948,1.2706467412736344,0.34343749135866575,0.537900893148473,-0.5146372322225765,0.789856729066553,-0.47483714515278025,153
-1.1356791495878564,1.1718758204944693,0.3697645224172423,0.5843044748320481,-0.6818290234014845,0.6589713792557548,-0.6295680386443305,148
0.15547406749507311,-0.013375228855512416,-0.5780085956915141,-0.801173892577551,0.03253590254475921,0.20087265491796166,0.530913662542296,69
-1.0032531786049916,0.18416661270281787,-0.7886248441601266,-1.03484907176984,-0.6818290234014845,1.9678248773637363,-0.3201062516612299,54
-1.61572329440074,1.1718758204944693,0.3250085696176622,0.005916974561772923,-0.7122275308885586,0.9207420788773514,0.18276915218630777,146
0.6355182123079569,-0.21091707041384272,-0.6675205012906743,-0.9337555545306226,-0.1802536498647602,-0.12634071960903376,-0.04932718805101728,61
-0.010058396233507572,-0.5072298327513381,-0.41214830002248165,-0.792887538705484,0.7469008284910027,-0.12634071960903376,1.0337890663898341,83
0.8010506760365376,-0.6060007535305033,-0.26734962920031047,-0.395142552846269,1.7804500830515253,-0.257226069419832,1.6913953637289225,94
-0.14248436721637223,-0.3096879911930079,-0.8123191721128454,-0.9436991791771031,-1.1834043969382086,-0.7153247937576257,-0.9003471022545434,498
1.2810948208494213,-1.099855357426329,-0.9044637808178634,-1.0994826319719624,-1.077009620733449,-0.6498821188522269,-1.093760719118981,33
-1.3508713524350113,1.4681885828319647,-0.8175845783245608,-0.1283219581657123,-0.7274267846320956,0.789856729066553,-0.7456162087629931,62
-1.01980642497785,0.974333978936139,0.4382148031695414,0.7119143244618797,-0.8794193220674666,1.0516274286881495,-0.6682507620172181,154
1.181775342612274,-0.408458911972173,0.40398966279339193,0.9455895036541685,-0.08905812740353768,-0.9116528184738228,-0.0106444646781297,150
0.9831363861379765,-0.7047716743096685,0.885774331165343,0.9571903990750621,0.38211873864611257,-0.6498821188522269,-0.3201062516612299,160
1.2479883281037059,-1.2973971989846593,-0.2568188167768799,-0.2327300169537562,2.0236381429481187,-0.32266874432523146,1.6913953637289225,91
-0.7384012366392624,0.3817084542611482,-0.7333380789371158,-0.9486709915003433,-0.4842387247355021,0.9207420788773514,-0.3587889750341175,56
0.6355182123079569,-0.21091707041384272,-0.7359707820429734,-0.8840374312982208,0.09333291751890738,-0.45355409413602915,-0.2427408049154552,57
0.023048096512208446,-0.11214614963467756,3.0735506121330554,2.3642132865520353,1.6740553068467658,0.20087265491796166,0.9951063430169466,211
-0.903933700367843,1.7645013451694602,-0.1778377236011502,0.06723599321506862,-0.940216337041615,0.3317580047287594,-0.7842989321358806,101
-1.4832973234178755,0.5792502958194785,-0.14624528633085843,-0.5409823809946478,-0.9098178295545409,0.5280860294449571,-0.2814235282883428,103
-0.7549544830121206,1.1718758204944693,0.7041178168611646,1.0997156856746142,-0.438640963504891,1.3788408032151445,-0.47483714515278025,158
0.5527519804436665,-0.9023135158679987,-0.5490488615270798,-0.8127747879984448,0.48851351485087213,0.5935287043503559,0.3375000456778581,72
1.2645415744765642,-1.2973971989846593,-0.19363394223629615,0.23959215375406168,1.9476418742304331,-0.7153247937576257,1.6140299169831474,102
-0.29146358457209465,0.3817084542611482,-0.822849984536276,-1.0215909055745327,-0.8186223070933184,-1.3043088679062176,-0.6682507620172181,47
0.9003701542736862,-1.3961681197638245,1.367558999537294,1.742736746147012,-0.14985514237768613,-1.6315222424332128,-0.08800991142390487,167
-0.9866999322321334,0.974333978936139,-0.05410067762584044,-0.29073449405822505,0.017336648801221894,0.20087265491796166,-0.3201062516612299,112
-0.2583570918263786,-0.7047716743096685,1.4544382020305966,0.914101358940314,1.1116829183358927,-0.846210143568424,1.3819335767458218,172
-1.367424598807869,2.159585028286121,-0.7254399696195427,-0.3172508264488393,-0.21065215735183457,0.0045446302017639545,-0.08800991142390487,57
-0.026611642606365876,-0.21091707041384272,0.21443503917164058,0.025804223854733722,-0.5298364859661135,-0.9770954933792223,-0.2040580815425676,137
-1.5991700480278823,1.4681885828319647,-0.8017883596894149,-1.03982088409308,-0.4690394709919651,0.0045446302017639545,-0.2814235282883428,51
-1.01980642497785,0.18416661270281787,-0.7017456416668238,-0.36365440813241434,-0.7578252921191699,1.1170701035935484,-0.3974716984070051,60
-1.0694661640964238,0.5792502958194785,0.825222159730617,1.3599071972575176,-0.04346036617292628,1.7060541777421399,-0.12669263479679244,160
-0.9370401931135597,0.28293753348198303,0.009084196914743466,0.49149731146489795,-0.6666297696579475,1.3788408032151445,-0.5522025918985554,117
-0.9204869467407013,0.8755630581569739,-0.233124488824161,0.05066328547093466,-1.0314118595028376,-0.6498821188522269,-1.3645397827291939,94
-1.1025726568421403,1.073104899715304,0.3539683037820963,0.3141693386026645,-0.7730245458627071,0.13542998001256223,-0.43615442177989266,152
0.039601342885066754,-0.11214614963467756,3.70803206064475,3.90878964830532,2.206029187870564,-1.1734235180954193,1.8461262572204729,235
-0.34112332369066894,-0.013375228855512416,-0.18573583291872325,-0.4912642577622459,-1.411393203091265,-0.257226069419832,-1.3258570593563064,101
-1.052912917723566,0.08539569192365273,-0.18310312981286558,-0.29239176483263835,-0.6514305159144101,2.0332675522691352,-1.1324434424918688,101
1.9266714293908869,-2.5814191691138064,0.8647127063184818,1.0301103131492517,-0.4994379784790392,-0.5189967690414286,-0.43615442177989266,160
1.132115603493699,-2.2851064067763107,-0.5042929087274997,-0.6967658337895071,0.7013030672603913,-0.12634071960903376,0.530913662542296,76
0.4534325022065185,-0.11214614963467756,1.3254357498435716,0.7864915093104826,0.09333291751890738,0.06998730510716339,-0.08800991142390487,173
0.7844974296636793,-0.6060007535305033,-0.6622550950789591,-0.9586146161468236,0.017336648801221894,-0.5189967690414286,0.4922309391694084,63
1.5128402700694352,-1.7912518028804851,0.8726108156360547,0.54618724702054,0.0021373950576851204,-0.45355409413602915,-0.5522025918985554,159
0.13892082112221482,0.5792502958194785,-0.5437834553153645,-0.6105877535200105,-1.0162126057593006,-0.3881114192306303,-0.9777125490003183,68
-0.8542739612492694,0.7767921373778087,-0.4727004714572078,0.14015590728925792,-1.2897991731429683,-1.5660795675278136,-1.6353188463394068,74
2.042544154000893,-1.69248088210132,0.8831416280594855,0.7914633216337226,-0.37784394853074255,-0.7807674686630246,-0.590885315271443,158
-1.1853388887064307,1.2706467412736344,-0.7886248441601266,-0.6818503968197864,-0.8642200683239296,1.1170701035935484,-0.43615442177989266,54
-1.2846583669435787,1.1718758204944693,-0.7517670006781193,-0.9171828467864888,-0.6818290234014845,1.640611502836741,-0.2427408049154552,55
-0.8542739612492694,-0.6060007535305033,-0.025140943461406183,0.39869014809774783,0.017336648801221894,1.7714968526475399,-0.8229816555087682,117
0.8838169079008279,-0.013375228855512416,-0.2278590826124456,-0.013970274731187877,1.6892545605903024,-0.9116528184738228,1.4206163001187095,98
1.3638610527137116,-1.3961681197638245,0.10122880561976144,-0.1796973521725275,-0.05865961991646359,0.0045446302017639545,-0.3587889750341175,131
-1.2184453814521468,1.2706467412736344,0.672525379590873,0.39869014809774783,-0.16505439612122316,0.5935287043503559,-0.3974716984070051,157
0.7017311977993895,-0.6060007535305033,0.40662236589924944,0.09540959638009618,0.19972769372366694,0.3972006796341588,0.530913662542296,154
-0.39078306280924324,0.6780212165986436,-0.76229781310155,-0.5128087778296201,-1.061810366989912,-1.3043088679062176,-0.9777125490003183,56
1.430074038205145,-1.4949390405429897,1.8862015113912525,1.9498955929486865,2.4188187402800834,-0.32266874432523146,2.0395398740849098,184
-0.9204869467407013,-0.11214614963467756,-0.7938902503718419,-0.9619291576956505,-0.6970282771450216,-0.12634071960903376,-0.5135198685256678,53
-0.12593112084351393,-0.013375228855512416,-0.33579990995260955,-0.5492687348667148,1.248476202027727,-1.5006368926224147,0.6469618326609587,86
0.7182844441722472,-0.5072298327513381,0.16967908637206036,0.324112963249145,-0.13465588863414907,-0.6498821188522269,-0.590885315271443,133
0.7513909369179638,-0.8035425950888336,-0.28577855094131416,0.2594794030470225,2.0236381429481187,0.4626433545395576,1.6913953637289225,94
1.8273519511537382,-2.1863354859971458,-0.7043783447726815,-0.9370700960794496,-0.955415590785152,-1.3043088679062176,-0.43615442177989266,61
-1.1522323959607141,1.4681885828319647,-0.76229781310155,-0.43491705143219045,-0.7578252921191699,1.5097261530259434,-0.43615442177989266,55
1.181775342612274,-0.6060007535305033,-0.6438261733379554,-0.14489466590984626,-0.10425738114707472,-0.45355409413602915,-0.47483714515278025,65
-0.7052947438935463,0.28293753348198303,-0.7754613286308383,-0.4100579898159896,-0.8946185758110039,1.9023822024583377,-0.2814235282883428,56
-1.0363596713507077,1.073104899715304,0.3539683037820963,0.592590828704115,-0.6514305159144101,1.3788408032151445,-0.8229816555087682,155
1.3473078063408546,-0.8035425950888336,0.19600611743063692,0.058949639343001646,-0.4842387247355021,-0.32266874432523146,-0.2427408049154552,138
0.40377276308794413,-0.6060007535305033,1.375457108854867,1.1809219536208706,1.1876791870535783,-1.3043088679062176,1.1498372365084963,169
-0.7052947438935463,0.3817084542611482,-0.20943016087144214,-0.18466916449576762,-0.438640963504891,1.3788408032151445,-0.8616643788816558,97
1.0659026180022668,-1.099855357426329,-0.28841125404717183,1.852116617258296,2.099634411665804,0.3317580047287594,2.3876843844408984,180
-1.0363596713507077,1.1718758204944693,0.6014423957327162,0.48652549914165777,-0.27144917232598276,0.3317580047287594,0.18276915218630777,156
1.1486688498665572,-1.1986262782054942,-0.8913002652885751,-1.1342853182346437,-0.9706148445286894,-0.45355409413602915,-0.47483714515278025,36
0.8176039224093958,-0.5072298327513381,-0.21732827018901502,0.23296307065640823,1.7956493367950621,-1.893292942054809,1.8074435338475854,99
1.1486688498665572,-0.3096879911930079,1.4123149523368743,0.9953076268865704,0.3973179923896493,-0.5844394439468275,0.4922309391694084,173
0.10581432837649879,-1.1986262782054942,-0.3121055819998907,-0.09849108422627098,1.734852321820914,-1.10798084319002,1.2658854066271592,90
-1.119125903214998,0.28293753348198303,-0.8017883596894149,-1.1061117150696158,-0.11945663489061176,1.640611502836741,-0.8616643788816558,56
0.9665831397651182,-0.6060007535305033,-0.6043356267500906,-0.07031748106124344,-0.14985514237768613,-1.3697515428116165,0.22145187555919535,66
1.430074038205145,-1.7912518028804851,-0.8781367497592868,-0.2410163708258232,-1.092208874476986,-1.893292942054809,-1.171126165864756,59
-1.4501908306721594,0.8755630581569739,-0.8175845783245608,-0.3503962419371072,-1.0314118595028376,0.789856729066553,-1.2098088892376437,57
0.5693052268165248,-0.11214614963467756,-0.8939329683944328,-0.5161233193784468,-1.107408128220523,0.20087265491796166,-0.6682507620172181,52
0.1223675747493571,-1.099855357426329,3.9107501997957907,3.852442441975265,1.856446351769211,-1.8278502671494101,1.5366644702373722,242
0.3706662703422281,-0.21091707041384272,-0.8175845783245608,-1.1177126104905097,-1.1378066357075973,0.5935287043503559,-1.2484916126105312,50
